TOWN,PCODE
0,0
000,5091
10009 KAULETSI SECTION (ELLISRAS) (REMOTE),0609
AAN DE WIJNLANDEN,7600
ABBOTSDALE,7301
"ABBOTSFORD, East London",5241
"ABBOTSFORD, Johannesburg",2192
ABBOTSPOORT,0608
"ABDOOL SE WINKEL, Hoedspruit",1380
ABE MIDAS,A001
ABERDEEN (Tuesday's & Saturday Only),6270
"ACKERVILLE, Witbank/Emalahleni",1039
"ACORNHOEK (Mon, Wed & Fri Only)",1360
"ACTIVIA PARK, Elandsfontein",1406
ACTONVILLE Boxes,1506
"ACTONVILLE, Benoni",1501
"ADAMAYVIEW, Klerksdorp",2570
ADAMS MISSION,4100
"ADCOCK VALE Ext, Port Elizabeth",6045
"ADCOCK VALE, Port Elizabeth/ Gqeberha",6001
"ADDINGTON, Durban",4001
ADDNEY,0712
ADDO,6105
ADELAIDE,5760
ADENDORP,6282
"AERORAND, Middelburg",1050
"AEROTON, Johannesburg",2013
AFGUNS,0534
"AFRICASKOP, Free State",9595
"AGATHA, Tzaneen",0850
"AGAVIA, Krugersdorp",1739
AGGENEYS (Tuesday Only),8893
AGULHAS (Tuesday's & Thursday's Only),7287
"AHRENS ( Monday, Wednesday & Friday)",2930
"AIRDLIN, Sunninghill",2157
"AIRFIELD, Benoni",1501
"AIRLIE, Constantia",7806
"AIRPORT CITY, Cape Town",7490
"AIRPORT INDUSTRIA, Cape Town",7525
"AIRPORT TOWNSHIP, East London",5201
"AKASIA, Potgietersrus (Mokopane)",0600
"AKASIA, Pretoria",0182
AKASIAPARK Boxes,7415
"AKASIAPARK, Goodwood",7460
"AKASIAPARKKAMP, Goodwood",7460
AKKERHOF,0006
"ALABAMA, Klerksdorp",2570
"ALAN MANOR, Johannesburg",2091
ALBAINIA,Z008
"ALBANY, Pinetown",3610
"ALBERANTE Ext 1, Alberton",1449
ALBERMARLE & Ext 1,1401
"ALBERT FALLS, Pietermaritzburg",3201
"ALBERT ROAD, SALT RIVER",7930
ALBERTINIA ( Tuesday & Thursday only),6795
ALBERTON,1449
ALBERTON Boxes,1450
"ALBERTON Ext 28, Alberton",1449
ALBERTON NORTH Boxes,1456
"ALBERTON NORTH, Alberton",1449
ALBERTON-NOORD Busse,1456
"ALBERTON-NOORD, Alberton",1449
ALBERTSDAL & Ext 6 &,1449
"ALBERTSKROON, Johannesburg",2195
"ALBERTSVILLE, Johannesburg",2195
"ALBERTSVILLE, Port Shepstone",4240
"ALBERTWEG, SOUTRIVIER",7930
"ALBERTYNSHOF, Kimberley",8301
"ALBOWVILLE, Rugby",7405
"ALDARAPARK, Randburg",2194
"ALERT ENGINE PARTS, Nelspruit",A003
"ALERT ENGINE PARTS, Pretoria",000E
"ALEWYNSPOORT, Eikenhof",1872
ALEX FORBES SANDTON,A000
ALEXANDER BAY,8290
"ALEXANDER PARK, Pinetown",3610
"ALEXANDER PARK, Uitenhage / Kariega",6229
ALEXANDERBAAI,8290
ALEXANDRA Boxes,2014
"ALEXANDRA INRIGTING, Maitland",7405
"ALEXANDRA INSTITUTE, Maitland",7405
"ALEXANDRA, Johannesburg",2090
"ALEXANDRA, Pietermaritzburg",3201
ALEXANDRIA,6185
ALGERIA - Algiers,Z008
ALGERIA - Other Areas,Z008
ALGOAPARK Boxes,6005
"ALGOAPARK, Port Elizabeth/ Gqeberha",6001
ALICE,5700
ALICEDALE (Monday's Only),6135
"ALICEDALE Est/Lgd, Athlone",7764
ALIWAL NORTH,5532
ALIWAL NORTH (Serviced out of BFN),5530
ALKANTRANT,0005
"ALKMAAR, Nelspruit ( Tuesday & Thursday Only)",1201
"ALLANDALE HEIGHTS, Pietermaritzburg",3201
"ALLANDALE, Pietermaritzburg",3201
ALLANRIDGE,9490
"ALLANRIDGE, Welkom",9490
ALLDAYS (Tuesday & Thursday Only),0909
ALLEMANDSDRIFT,1270
"ALLEN GROVE, Kempton Park",1619
"ALLEN'S NEK, Roodepoort",1737
"ALLENBY Est/Lgd, Retreat",7785
"ALLENDALE, Retreat",7785
"ALLIANCE, Benoni",1507
ALMA (Tuesday & Friday's Only),0512
ALMA Mine,0512
"ALOEVALE, Queenstown/ Komani",5320
"ALPHEN Est/Lgd, Constantia",7800
"ALPHEN PARK, Benoni",1501
"ALPHENPARK, Pretoria",0081
"ALPHINE PARK, Mitchells Plain",7785
ALRAPARK Boxes,1495
"ALRAPARK, Nigel",1490
ALRODE,1449
ALRODE Boxes,1451
"ALRODE, Alberton",1449
"ALTON, Richards Bay",3900
ALUNSA,1785
AMABELE ( Special Trip),4931
"AMAJUBA PARK, Newcastle",2940
"AMAJUBA, Newcastle",2955
"AMALGAM, Johannesburg",2092
AMALIA (Thursday's Only),2786
AMALINDA Boxes,5252
"AMALINDA, East London",5247
"AMANDAGLEN, Durbanville",7550
"AMANDASIG, Pretoria",0182
"AMANDELBULT, Chromite",0362
"AMANDELKROON, Kuilsrivier",7580
"AMANDELRUG, Kuilsriver",7580
"AMANDELSIG, Kuilsriver",7580
"AMANZI FARM, Howick",3290
"AMANZIMNYAMA,Tongaat",4400
AMANZIMTOTI,4126
AMANZIMTOTI  Streets,4126
AMANZIMTOTI Boxes,4125
AMATIKULU,3801
"AMBERFIELD, Pretoria",0157
AMERICAN SAMOA,Z009
AMERSFOORT (Monday Only),2490
AMERVILLE (Monday & Thursday),6960
"AMSTELHOF, Paarl",7646
AMSTERDAM (Special Trip & Add Charges Apply),2375
"AMSTERDAM, Randburg",2194
"AMSTERDAMHOEK, Port Elizabeth",6210
"ANCHORAGE PARK, Gordon's Bay",7150
"ANCHORVILLE, Lenasia",1821
"ANDEON AH, Pretoria",0030
"ANDEON, Pretoria",0183
"ANDERBOLT, Boksburg",1459
ANDORRA,Z006
ANERLEY,4230
ANGOLA - Luanda,Z008
ANGOLA - Other Areas,Z008
ANGUILLA,Z009
"ANNADALE, Pietersburg",0699
"ANNATY BANK, Tokai",7785
"ANNEX PARK, Germiston",1401
"ANNLIN & Ext/Uit 1, Pretoria",0182
ANSFRERE Boxes,1711
"ANSFRERE, Florida",1709
ANTIGUA,Z009
"ANZAC, Brakpan",1540
"APEL (Mon,Wed & Frid Only)",0739
APEX INDUSTRIAL,1501
"APEX, Benoni",1501
"APPLE ORCHARDS SlHs/Khw,",1876
"APPLE PARK, Krugersdorp",1739
"AQUA PARK, Tzaneen",0850
"AQUADENE, Richards Bay",3900
"AQUAPARK, Tzaneen",0850
ARABIEDAM,0464
"ARAUNA, Brackenfell",7560
"ARBEX, Richards Bay",3904
"ARBOR PARK, Newcastle",2954
"ARBOR PARK, Tzaneen",0850
"ARBORETOM, Richards Bay",3900
ARBORETUM Boxes,9305
"ARBORETUM, Bloemfontein",9301
"ARBORPARK, Tzaneen",0850
ARCADIA Boxes,0007
"ARCADIA, East London",5201
"ARCADIA, Humansdorp",6300
"ARCADIA, Port Elizabeth",6059
"ARCADIA, Pretoria",0083
ARCON PARK Boxes,1937
"ARCON PARK, Vereeniging",1939
"ARDLEIGH PARK, Retreat",7785
"ARENA PARK, Chatsworth",4092
ARGENTINA - Buenos Aires,Z008
ARGENTINA - Other Areas,Z008
"ARGYLE, Johannesburg",2001
ARLINGTON (Serviced out of Bethlehem) (Tues & Thur,9602
"ARMADALE, Johannesburg",2013
ARMENIA,Z008
"ARNISTON, Western Cape",7280
"ARNOLDTON, East London",5247
ARNOT (Wednesday Only),1051
"ARTHUR'S PLACE, Johannesburg",2091
ARUBA,Z009
ASCENT,2456
"ASHBURNHAM, Kimberley",8301
"ASHBURTON, Pietermaritzburg",3201
"ASHDOWN, Plessislaer",4500
"ASHERVILLE, Durban",4091
"ASHERVILLE, Graaff-Reinet",6280
"ASHLEA GARDENS, Pretoria",0081
"ASHLEY, Pinetown",3610
"ASHTON (Serviced Tues, Thurs only)",6715
ASHWOOD Boxes,3605
"ASHWOOD, Pinetown",3610
"ASIATIC BAZAAR, Germiston",1401
ASKHAM (Monday Only),8814
"ASKRAAL ( Monday, Wednesday & Friday only)",6762
"ASPEN HEIGHTS, Port Elizabeth",6059
ASPEN HILLS,2059
"ASSAGAY, Hillcrest",3650
"ASSEGAI, Durban",4052
"ASTON BAY, Jeffreys Bay",6330
"ASTON LAKE, Springs",1559
ASTON MANOR Boxes,1630
"ASTON MANOR, Kempton Park",1619
ATAMELANG (Thursdays Only),2732
ATHLONE Cape Town,7764
ATHLONE Cape Town (Boxes),7760
"ATHLONE INDUSTRIA, Athlone",7764
"ATHLONE PARK, Amanzimtoti",4126
"ATHLONE, Durban",4051
"ATHLONE, Pietermaritzburg",3201
"ATHOLHURST, Johannesburg",2196
"ATHOLHURSTON, Johannesburg",2196
"ATHOLL Ext 12, Strath",2031
"ATHOLL GARDENS, Johannesburg",2196
"ATHOLL HEIGHTS, Westville",3630
"ATHOLL, Johannesburg",2196
"ATLANTIC HILLS, Cape Town",7441
ATLANTIS,7349
"ATLAS GARDENS, Durbanville",7550
ATLASVILLE & Ext 1,1459
ATLASVILLE Boxes,1465
ATOK,0749
"ATOOM, Nylstroom",0514
ATTERIDGEVILLE,0008
AUCKLAND PARK Boxes,2006
"AUCKLAND PARK, Johannesburg",2092
"AUDAS Est/Lgd, Somerset West",7130
"AUDIO CONNECTION, Springfield, Durban",000F
"AUGRABIES (Monday,Wednesday & Friday)",8874
"AUREUS, Randfontein",1759
AURORA,7325
"AURORA Est/Lgd, Durbanville",7550
AUSTERVILLE,4005
"AUSTERVILLE, Durban",4052
"AUSTINVILLE, Blackheath",7581
AUSTRALIA - Other Areas,Z007
AUSTRALIA - Sydney,Z006
AUSTRIA - Other Areas,Z006
AUSTRIA - Vienna,Z006
"AUTOZONE, Johannesburg",A034
"AVALANO Tsp/Dgd, Krugersdorp",1739
"AVIARY HILL, Newcastle",2940
"AVOCA HILLS, Durban North",4051
"AVOCA, Durban North",4051
"AVONDALE Est/Lgd, Parow",7500
"AVONDALE, Atlantis",7349
"AVONDSTEL, Bellville",7530
AVONTUUR  (Wednesday & Friday Only),6490
"AVONWOOD, Elsiesriver",7490
AZAADVILLE,1750
"AZALEA PARK, Despatch",6220
"AZALIA, Standerton",2430
AZERBAIJAN,Z008
"AZIATIC BAZAAR, Pretoria",0183
BAARDSKEERDERSBOS,7271
BABANANGO (Wednesday Only),3850
BABELEGI,9998
BABIRWA (Wednesday's Only),0716
"BACKENVELD, Witbank/Emalahleni",1035
BADPLAAS,1190
BADPLAAS (Wednesday & Friday Only),1190
"BAGLEYSTON, Johannesburg",2192
BAHAMAS,Z009
BAHRAIN - Manama,Z007
"BAILEYS MUCKLENEUK, Pretoria",0181
BAILLIE PARK Boxes,2526
"BAILLIE PARK, Potchefstroom",2520
BAIN'S VLEI,9338
BAIN'S VLEI,9338
BAKENBERG (Tuesdays Only),0611
"BAKENPARK, Bethlehem",9700
"BAKERTON, Payneville",1565
BAKERVILLE (Tuesday & Thursday),2742
"BAKERVILLE GARDENS, Durban",4051
"BAKERVILLE, Durban",4051
"BAKKERSHOOGTE, Somerset West",7130
"BAKKERSVILLE, Plumstead",7800
BAKONE,0746
"BAKOVEN, Cape Town",8001
"BALFOUR ( Monday, Wednesday& Friday Only)",2410
BALGOWAN,3275
BALLENGEICH ( Wednesdays Only),2942
BALLITO,4420
"BALLOT VIEW, George",6529
BALMORAL (Wednesday's Only),1037
"BALMORAL Est/Lgd, Lansdowne",7780
"BALMORAL, Queenstown/ Komani",5320
BALTIMORE (Wednesday's Only),0619
"BALVINIE, Elsiesriver",7490
BAMBOESPRUIT,2611
BAMOKGOKO,0432
"BANANA BEACH, Port Shepstone",4240
BANDELIERKOP,0800
BANGLADESH - Dhaka,Z009
BANGLADESH - Other Areas,Z009
"BANHOEK, Stellenbosch",7600
"BANKENVELD, Witbank/Emalahleni",1034
"BANTRY BAY, Cape Town",8001
BAPONG,0274
"BAPSFONTEIN, Petit",1512
"BARAGWANATH, Johannesburg",2013
BARANDAS ( Tuesday & Thursday only),6480
BARBADOS,Z009
"BARBAROSA Est/Lgd, Constantia",7800
"BARBEQUE DOWNS, Midrand",1684
"BARBERSPAN ( Monday, Wednesday& Friday Only)",2765
BARBERTON,1300
BARBUDA,Z009
"BARDENE, Boksburg",1459
"BARKAROSA, Plumstead",7800
BARKLY EAST (48Hours),5580
"BARKLY WEST (Monday,Wednesday & Friday)",8375
BARKLY-OOS,5580
"BARKLY-WES (Monday,Wednesday & Friday)",8375
"BARLOW PARK, Wendywood",2148
"BARODA (Monday,Wednesday & Friday Only)",5882
"BARRY HERTZOG PARK, Newcastle",2940
"BARRYDALE (Monday, Wednesday & Friday only)",6750
"BARTLETTS, Boksburg",1459
BARVALE,1202
"BARVALLEN, Primrose",1401
BASHEWA,0056
"BASHEWA AH, Pretoria",0042
"BASHEWA, Pretoria",0056
"BASSONIA, Glenvista",2061
"BATHO, Bloemfontein",9323
BATHURST (Tuesday & Friday Only),6166
BATLHARO ( Special Only),8474
"BAY VIEW, Chatsworth",4092
"BAY VIEW, Hartenbos",6520
"BAY VIEW, MosselBay",6500
BAYALA,3966
"BAYHEAD, Durban",4052
BAYNESFIELD,3770
"BAYRIDGE, Tableview",7441
"BAYSVILLE, East London",5241
"BAYSWATER, Bloemfontein",9301
"BAYWEST, Port Elizabeth",6025
BAZLEY BEACH,4220
"BEACANHURST, East London",5241
"BEACH Est/Lgd, Houtbay",7800
"BEACH, East London",5201
BEACHVIEW,6011
"BEACHWOOD, Durban North",4051
BEACON BAY  East London,5241
BEACON BAY Boxes,5205
"BEACON BAY VALLEY, East London",5241
"BEACON VALLEY, Mitchells Plain",7785
BEACONBAAI Busse,5205
"BEACONBAAI, East-London",5241
"BEACONBAAIVALLEI, East-London",5241
BEACONSFIELD Boxes,8315
"BEACONSFIELD, Kimberley",8301
"BEACONSFIELD, Vereeniging",1939
"BEACONVALE Est/Lgd, Parow",7500
"BEACONVILLE, Parow",7500
"BEAUFORT WEST (Mon, Wed, Fri)",6970
"BEAUFORT-WEST (Mon, Wed, Fri)",6970
"BEAUMONT, Parys",9585
BEAUTY,0538
"BEDELIA, Welkom",9459
BEDFORD,5780
"BEDFORD GARDENS, Bedfordview",2008
"BEDFORDPARK, Bedfordview",2008
BEDFORDVIEW,2008
"BEDWORTH PARK, Vereeniging",1940
BEESTEKRAAL,0255
"BEIRUT, Qwa Qwa",9870
BEIT BRIDGE,0900
"BEKKERSDAL, Westonaria",1780
BELA-BELA (WARMBATHS),0480
BELA-BELA(WARMBAD),0480
BELARUS,Z008
BELFAST Mpumalanga (EMAKHAZENI) (Tues & Thurs),1100
BELFAST Mpumalanga (EMAKHAZENI) (Tues & Thurs),1100
"BELFORT Est/Lgd, Pietermaritzburg",3201
BELGIUM - Antwerp,Z005
BELGIUM - Brussels,Z005
BELGIUM - Other Areas,Z005
"BELGRAVIA Est/Lgd, Athlone",7764
"BELGRAVIA, Bellville",7530
"BELGRAVIA, East London",5201
"BELGRAVIA, Johannesburg",2094
"BELGRAVIA, Kimberley",8301
BELHAR Boxes,7507
"BELHAR, Matroosfontein",7490
BELIZE - Belize City,Z009
BELIZE - Other Areas,Z009
BELLA VISTA Boxes,6837
"BELLA VISTA, Ceres",6835
BELLAIR,4006
"BELLAIR Est/Lgd, Bellville",7530
"BELLAIR, Durban",4094
"BELLAVISTA Est/Lgd, Johannesburg",2091
"BELLAVISTA SOUTH, Johannesburg",2091
"BELLAVISTA-SUID, Johannesburg",2091
BELLE OMBRE,0142
"BELLE OMBRE, Constantia",7800
"BELLEVUE CENTRAL, Johannesburg",2198
"BELLEVUE EAST, Johannesburg",2198
"BELLEVUE SENTRAAL, Johannesburg",2198
"BELLEVUE, Johannesburg",2198
"BELLEVUE, Pietermaritzburg",3201
"BELLEVUE, Upington",8800
"BELLEVUE-OOS, Johannesburg",2198
"BELLRAIL, Bellville",7530
"BELLVIEW, Wellington",7655
BELLVILLE,7530
BELLVILLE  Streets,7530
BELLVILLE Boxes,7535
"BELLVILLE SOUTH, Bellville",7530
"BELLVILLE-SUID, Bellville",7530
BELMONT,8720
"BELMONT PARK, Kraaifontein",7570
"BELTHORNE Est/Lgd, Lansdowne",7780
"BELVEDERE, Hillcrest",3610
"BELVEDERE, Tongaat",4400
"BELVINIE Est/Lgd, Matroos",7490
"BEN FLEUR, Witbank",1049
"BEN KAMMA, Port Elizabeth",6025
"BEN SCHOEMAN DOCKS, Cape Town",8001
"BEN SCHOEMAN DOKKE, Kaapstad",8001
"BENDOR PARK, Polokwane",0699
"BENFARM, Phalaborwa",1389
"BENICON PARK, Witbank/Emalahleni",1034
BENIN - Cotonou,Z008
BENIN - Other Areas,Z008
BENMORE,2010
"BENMORE GARDENS, Johannesburg",2196
"BENNO PARK, Kuilsriver",7580
BENONI,1501
BENONI Boxes,1500
"BENONI Ext/Uit 4, Benoni",1501
"BENONI NORTH, Benoni",1501
BENONI SOUTH Boxes,1502
"BENONI SOUTH, Benoni",1501
BENONI WEST Boxes,1503
"BENONI WEST, Benoni",1501
"BENONI-NOORD, Benoni",1501
BENONI-SUID Busse,1502
"BENONI-SUID, Benoni",1501
BENONI-WES Busse,1503
"BENONI-WES, Benoni",1501
BENORYN Boxes,1504
"BENORYN, Benoni",1501
BENROSE,2094
BENROSE Boxes,2011
"BERARIO, Johannesburg",2195
"BEREA PARK, Pretoria",0002
"BEREA ROAD, Durban",4007
"BEREA WEST, Westville",3630
"BEREA, Durban",4001
"BEREA, East London",5241
"BEREA, Johannesburg",2198
"BEREA-WES, Westville",3630
BEREAVILLE,7232
"BEREAWEG, Durban",4007
BERGBRON & Ext/Uit 1 - 3,1709
"BERGENDAL FARM, Citrusdal",7340
"BERGENDAL, Bloemfontein",9301
"BERGSIG, Bethlehem",9700
"BERGSIG, Caledon",7230
"BERGSIG, Calitzdorp (Monday,Wed & Friday onlybuf)",6660
"BERGSIG, Durbanville",7550
"BERGSIG, George",6529
"BERGSIG, Harrismith",9880
"BERGSIG, Harrismith (Serviced out of Bethlehem)",9881
"BERGSIG, Heidelberg (Tvl)",2400
"BERGSIG, Kirkwood",6120
"BERGSIG, Montagu",6720
"BERGSIG, Queenstown/ Komani",5320
"BERGSIG, Springbok",8240
"BERGSIG, Worcester",6850
"BERGVIEW, Musina",0900
BERGVILLE (Tuesday & Thursday),3350
BERGVLEI Boxes,2012
BERGVLIET  Streets,7785
BERGVLIET Boxes,7864
"BERGZICHT, Muizenberg",7945
"BERKSHIRE DOWNS, Pinetown",3610
BERLIN (NTABOZUKO),5660
"BERNADINO HEIGHTS, Kraaifontein",7570
"BEROMA, Bellville",7530
"BERTON PARK, Boksburg",1459
"BERTRAMS, Johannesburg",2094
BERTSHAM,2013
BERUMDA - Hamilton,Z009
BESTERS,3371
BETHAL,2310
BETHAL NORTH Boxes,2311
"BETHAL NORTH, Bethal",2310
BETHAL-NOORD Busse,2311
"BETHAL-NOORD, Bethal",2310
BETHANIE,0270
"BETHANIE, Cape Town",7550
"BETHELSDORP, Port Elizabeth",6059
BETHLEHEM (Serviced out of Bethlehem),9700
BETHULIE,9992
BETTY'S BAY,7141
BETTYSBAAI,7141
"BEVERLEY GARDENS, Randburg",2194
"BEVERLEY GROVE, Port Elizabeth",6070
"BEVERLEY HILLS, Port Elizabeth",6020
"BEVERLEY HILLS, Westville",3630
"BEVERLY PARK, Eersterivie",7100
"BEYERSPARK & Ext/Uit 3, 6",1459
"BEZ VALLEY, Johannesburg",2094
"BEZUIDENHOUTS VALLEY, Johannesburg",2094
"BEZUIDENHOUTSVALLEI, Johannesburg",2094
BHAMBANANA KZN (Special Trip),3969
BHAMSHELA,4470
"BHEKUZULU, Vryheid (Tuesday & Thursday)",3100
BHISHO (BISHO),5605
"BHONGWENI, Kokstad (Monday, Wednesday, Friday)",4700
BHUTAN,Z009
BIDVEST WALTONS KIMBERLEY,A033
"BIDVEST WALTONS, Johannesburg",A004
"BIERSPRUIT, Rustenburg",0300
BIESIESFONTEIN,8203
BIESIESVLEI,2755
BIG BAY,7441
"BINGLEY, Nylstroom",0436
"BIRCH ACRES & Ext 3,",1619
"BIRCHLEIGH & Ext 6, Kempton",1619
BIRCHLEIGH Boxes,1621
BIRCHLEIGH NORTH & Ext 1,1619
BIRCHLEIGH-NOORD & Uit 1,1619
"BIRDHAVEN, Johannesburg",2196
BIRNAM PARK,2015
"BIRNAM, Johannesburg",2196
BISHO (BHISHO),5605
"BISHOP LAVIS, Lavistown",7490
"BISHOPSCOURT Est/Lgd, Cla",7700
BISHOPSGATE,4008
BISHOPSTOWE,3252
"BISLEY HEIGHTS, Pietermaritzburg",3201
"BISLEY VALLEY, Pietermaritzburg",3201
BITTERFONTEIN,8200
BIZANA,4800
"BLAAUWBANK, Brits",0250
"BLAAUWBANK, Vaalwater",0530
"BLAAUWDRIFT, Welkom",9490
"BLACK RIVER, Rondebosch",7700
BLACKBURN,4319
"BLACKHEATH , Johannesburg",2195
"BLACKHEATH ,Cape Town",7581
"BLACKHEATH, Johannesburg",2195
"BLACKHILL, Witbank",1032
"BLACKHURST, Durban",4001
"BLACKRIDGE, Pietermaritzburg",3201
"BLAIR PARK, Plumstead",7800
"BLAIRGOWRIE, Johannesburg",2194
"BLANCHEVILLE, Witbank/ Emalahleni",1035
BLANCO,6531
"BLANDFORD RIDGE, Bryansto",2021
"BLANWICK PARK, Springs",1559
"BLESBOKFONTEIN, Mpumalanga",1034
"BLESBOKLAAGTE, Witbank/Emalahleni",1039
BLIKFONTEIN,8378
BLINKPAN ( Wednesday Only),2250
BLOEDRIVIER (Tuesday & Thursday),3102
"BLOEKOMVILLE, Klerksdorp",2570
"BLOEMANDA, Bloemfontein",9323
"BLOEMDAL, Bloemfontein",9325
BLOEMENDAL FARM,7800
"BLOEMENDAL, Port Elizabeth",6059
BLOEMFONTEIN,9301
"BLOEMHOEK, Concordia (Special Trip)",8271
BLOEMHOF,2660
"BLOEMHOF, Bellville",7530
"BLOEMSIDE, Bloemfontein",9306
BLOEMSMOND (Special Trip),8810
BLOEMSPRUIT,9364
"BLOEMSPRUIT, Bloemfontein",9364
"BLOMMENDAL, Bellville",7530
"BLOMTUIN Est/Lgd, Bellvil",7530
"BLOMVLEI Est/Lgd, Lansdowne",7780
"BLOMVLEI, Bellville",7530
"BLOOD RIVER, Kwazulu Natal",3102
"BLOOD RIVER, Polokwane",0699
BLOUBERGRANT Boxes,7443
BLOUBERGRANT Streets,7441
"BLOUBERGRANT, Jukskeipark",2153
"BLOUBERGRISE, Tableview",7441
BLOUBERGSTRAND,7441
BLOUBERGSTRAND Boxes,7436
"BLOUBOSRAND, Randburg",2188
"BLUE BEND, East London",5241
"BLUE DOWNS, Eersterivier",7100
"BLUE HEAVEN, Bryanston",2021
"BLUE HEIGHTS, Westville",3630
"BLUE HILLS, Halfway House",1685
BLUE HORIZON BAY,6011
"BLUE HORIZON, Mitchells Plain",7785
"BLUE MOUNTAIN VILLAGE, George",6539
"BLUE RIDGE, Durban North",4051
"BLUE RISE, Queenstown/ Komani",5320
BLUEBERRY HILL FARM,5201
"BLUEGUM, Athlone",7764
"BLUEWATER BAY, Port Elizabeth",6210
BLUFF,4052
"BLUFF, Durban",4052
BLYDE RIVER (Thursday Only),1271
"BLYDEVILLE, Lichtenburg",2740
"BLYDEVILLE, Upington",8800
"BLYTHEDALE BEACH, Stanger/ KwaDukuza",4450
BLYVOORUITSIG,2504
"BO-DORP, Rustenburg",0299
"BOABAB GARDENS, Polokwane",0699
"BOAST VILLAGE, Port Elizabeth",6200
"BOATLAKE VILLAGE, Benoni",1501
"BOCHABELLA, Bloemfontein",9323
BOCHUM (SENSWABARWANA) (Tuesday & Thursday Only),0790
"BODORP, George",6529
BOEKENHOUT,0561
"BOEKENHOUT, Rustenburg",0300
"BOEKENHOUTFONTEIN, Rustenburg",0299
"BOEKENHOUTKLOOF, Pretoria",0082
"BOELANG, Phalaborwa",1390
BOESMANSKOP (Wednesday & Friday Only),9951
BOESMANSRIVIERMOND (Mornings Only),6190
"BOETRAND, Klerksdorp",2570
BOGGOMS BAY ( Tuesday & Thursday only),6511
"BOHLOKONG, Theronville",9702
"BOICHOKO, Postmasburg",8420
BOIKANYO,2625
BOIKETLO,2537
"BOIKHUTSONG, Wolmaransstad (Tuesday & Thursday)",2630
"BOIKUTSO, Lichtenburg ( Tuesday & Thuraday Only)",2740
BOIPATONG,1901
BOITEKONG,0308
"BOITUMELONG, Bloemhof",2662
BOK IMPLEMENT,9700
BOKKEMANSKLOOF,7806
"BOKMAKIERIE, Athlone",7764
BOKNESSTRAND (Tuesday & Friday Only),6189
BOKSBURG,1459
BOKSBURG Boxes,1460
"BOKSBURG EAST, Boksburg",1459
BOKSBURG NORTH Boxes,1461
"BOKSBURG NORTH, Boksburg",1459
"BOKSBURG SOUTH, Boksburg",1459
"BOKSBURG WEST, Boksburg",1459
BOKSBURG-NOORD Busse,1461
"BOKSBURG-NOORD, Boksburg",1459
"BOKSBURG-OOS, Boksburg",1459
"BOKSBURG-SUID, Boksburg",1459
"BOKSBURG-WES, Boksburg",1459
BOLEU,0474
BOLIVIA - La Paz,Z009
BOLIVIA - Other Areas,Z009
BOLO RESERVE,4935
"BOLOKANANG, Petrusburg",9932
"BOLTONIA, Krugersdorp",1739
"BOMBAL Est/Lgd, Ottery",7800
"BOMBAY HEIGHTS, Pietermaritzburg",3201
BON ACCORD,0009
"BON ESPERANCE FARM, Stellenbosch",7600
"BONAERO PARK & Ext, K",1619
BONAERO PARK Boxes,1622
BONAERO PARK Ext 1 -,1619
BONAIRE,Z009
BONELA,4091
"BONGOLETHU, Bridgmanville",6621
BONGWENI ( Special Trip ),5321
"BONGWENI, Colesberg",5980
"BONGWENI, Khayelitsha",7784
"BONGWENI, Randfontein",1760
BONISANI,0927
"BONNIE BRAE, Kraaifontein",7570
"BONNIE DOONE, East London",5241
"BONNIEBROOK, Kraaifontein",7570
BONNIEVALE (Serviced Tues & Thurs Only),6730
"BONNIEVALE, Boksburg",1459
"BONNY BROOK, Kraaifontein",7570
BONQUINAR INDUTRIAL AREA,7490
BONTHEUWEL Boxes,7763
BONTHEUWEL Streets,7764
"BONZA BAY, East London",5241
"BONZABAAI, Oos-Londen",5241
BOONS,2807
"BOORDFONTEIN WEST, Pretoria",0201
"BOORDFONTEIN, Pretoria",0201
"BOORDFONTEIN-WES, Pretoria",0201
"BOOTH AANSLUITING, Durban",4094
"BOOTH JUNCTION, Durban",4094
BOOYSENDAL,1120
BOOYSENS Boxes,2016
"BOOYSENS PARK, Port Elizabeth",6059
"BOOYSENS RESERVE, Johannesburg",2091
"BOOYSENS, Johannesburg",2091
"BOOYSENS, Pretoria",0082
BOPHELONG,1911
BOPHUTHATSWANA,9997
"BORDEAUX, Randburg",2194
"BOROLELO, Swartruggens",2835
BOS EN DAL,6529
"BOSBELL Est/Lgd, Bellville",7530
BOSBOKRAND,1280
"BOSBOKRAND FARM, Mosselbay",6500
"BOSCHDAL, Rustenburg",0299
"BOSCHENDAL, Retreat",7785
"BOSCHFONETIN, Rustenburg",0323
"BOSCHFONTEIN, Heidelburg",1441
"BOSCHFONTEIN, Newcastle",2940
"BOSCHKOP, Pretoria East",0040
"BOSCHKOP, Pretoria East",0040
"BOSCHOEK, Pretoria",0184
BOSCHPOORT (Mondays & Wednesdays),2730
BOSHOEK,0301
BOSHOF (Wednesday's Only),8340
"BOSJESPRUITFARM, Secunda (Monday & Wednesday)",2302
BOSKOP,2528
"BOSKRUIN & Ext, Bromh",2154
"BOSMONT, Johannesburg",2093
"BOSONIA, Kuilsrivier",7580
"BOSPOORT (Monday,Wednesday & Friday)",2730
"BOSTON Est/Lgd, Bellville, Cape Town",7530
"BOSTON, Kwazulu Natal",3211
"BOSVILLE, Middelburg (Tvl)",1050
BOT RIVER,7185
"BOTANIC GARDENS, Durban",4001
BOTHA,6857
BOTHA'S HILL,3660
BOTHASIG Boxes,7406
BOTHASIG Streets,7441
"BOTHASKOP, Aliwal North",5532
BOTHAVILLE,9660
"BOTLENG, Delmas",2210
BOTLOKWA,0559
BOTRIVIER,7185
BOTSHABELO,9781
BOTSHABELO Boxes,9781
BOTSWANA - Gaberone (INT),Z001
BOTSWANA - Other Areas (INT),Z001
BOTTERKLOOF ( Tuesday & Thursday only),6774
"BOTTLEBRUSH, Richards Bay",3903
"BOUGHTON, Pietermaritzburg",3201
BOURKE'S LUCK (On Request),1272
BOYNE,0728
BRAAMBOS MILITARY BASE,0954
BRAAMFONTEIN Boxes,2017
"BRAAMFONTEIN, Johannesburg",2001
BRACKEN DOWNS & Ext,1449
BRACKEN DOWNS Boxes,1454
"BRACKEN DOWNS Ext 1 - 5, Alberton",1449
BRACKEN GARDENS Boxes,1452
"BRACKEN GARDENS, Alberton",1449
"BRACKEN HEIGHTS, Brackenfell",7560
BRACKENFELL,7560
"BRACKENHAM, Richards Bay",3900
BRACKENHURST & Ext A,1449
"BRACKENHURST Ext 2, A",1449
"BRACKVILLE, Brackenfell",7560
"BRAELYN HEIGHTS, East London",5209
"BRAELYN, East London",5201
"BRAEMAR (Monday, Wednesday & Friday)",4202
"BRAKFONTEIN, Centurion",0157
"BRAKFONTEIN, East London",5256
"BRAKFONTEIN, Parys",9585
BRAKPAN,1540
BRAKPAN NORTH,1545
BRAKPAN-NOORD,1545
"BRAM FISCHERVILLE, Dobsonville",1875
"BRAMHOPE, Port Elizabeth",6025
BRAMLEY Boxes,2018
"BRAMLEY GARDENS, Johannesburg",2090
"BRAMLEY MANOR, Johannesburg",2090
"BRAMLEY NORTH, Johannesburg",2090
"BRAMLEY PARK, Johannesburg",2090
"BRAMLEY RESERVE, Johannesburg",2090
"BRAMLEY VIEW, Johannesburg",2090
"BRAMLEY, Johannesburg",2090
"BRAMLEY-NOORD, Johannesburg",2090
BRAND'S POST,9871
BRANDFORT,9400
BRANDFORT (Serviced out of BFN),9400
BRANDHOF Boxes,9324
"BRANDHOF, Bloemfontein",9301
BRANDPAN,9471
BRANDSPRUIT (Monday & Wednesday),2303
BRANDVLEI,8915
"BRANDVLEI, Cape Town",7020
"BRANDVLEI, Randfontein",1759
"BRANDWAG, Bloemfontein",9301
"BRANDWAG, George",6507
"BRANDWAG, Kuilsrivier",7580
"BRANDWAG, Macassar",7130
"BRANDWAG, Stellenbosch",7600
"BRANDWAG, Worcester",6850
"BRANDWOOD, Kuilsrivier",7580
BRAY (Special Only),8620
BRAZIL - Other Areas,Z008
BRAZIL - Rio de Janeiro,Z008
BRAZIL - Sao Paulo,Z008
"BREAUNANDA Ext/Uit 1 - 3,",1724
"BREAUNANDA, Krugersdorp",1739
"BRECKNOCK, Bryanston",2021
BREDASDORP,7280
BREDELL,1619
BREEDE RIVER,6858
"BREIDBACH, Kingwilliams/ Qonce",5600
"BREIPAAL, Douglas",8730
BREIRIVIER,6858
"BRENCANIA, Brakpan",1540
"BRENDAVERE, Bryanston",2021
"BRENTHURST & Ext/Uit 1, B",1540
BRENTHURST Boxes,1542
"BRENTON ON SEA, Knysna",6570
"BRENTPARK, Kroonstad",9499
BRENTWOOD PARK & Ext,1501
BRENTWOOD PARK Boxes,1505
"BRENTWOOD PARK, Durbanville",7550
"BRENTWOOD PARK, Port Elizabeth",6025
"BRENTWOOD VILLAGE, Table View",7441
"BRENTWOODPARK, Eersteriver",7100
BREYTEN (Tues & Thurs Only),2330
BRIARDALE,4037
"BRIARDENE, Durban North",4051
"BRIDGEBANK, Somerset West",7130
"BRIDGEMEAD, Port Elizabeth",6025
"BRIDGETOWN, Athlone",7764
BRIDGMANVILLE,6621
BRIDGTON Boxes,6623
"BRIDGTON, Oudtshoorn",6620
"BRIDLE PARK, Midrand",1685
BRIGHTON BEACH Boxes,4009
"BRIGHTON BEACH, Durban",4052
"BRIGHTSIDE, Ladybrand",9745
"BRINDHAVEN, Verulam",4339
BRITANNIA BAY,7282
BRITISH VIRGIN ISLANDS,Z009
BRITS,0250
"BRITS Ext/Uit 11, Brits",0250
BRITSTOWN (Wednesday Only),8970
BRIXTON Boxes,2019
"BRIXTON, Johannesburg",2092
"BRIZA Est/Lgd, Somerset W",7130
"BROADACRES, Johannesburg",2021
"BROADLANDS, Cape Town",7140
"BROADWAY, Johannesburg",2020
"BROADWOOD, Port Elizabeth",6070
BROEDERSPUT  (Special Only),8624
BROEDERSTROOM,0240
"BROEDERSTROOM, Hartbeespoort (Plot)",0240
BROMBEEK  (Tuesday & Thursday Only),0906
BROMHOF Boxes,2154
"BROMHOF, Randburg",2154
"BRONBERG, Pretoria",0081
"BRONBERRIK, Verwoerdburg",0157
"BRONDAL, Nelspruit",1201
BRONKHORSTSPRUIT,1020
BRONVILLE,9473
BROOKDALE,4068
"BROOKDALE, Durban",4051
"BROOKLYN, Pretoria",0181
"BROOKLYN, Ysterplaat",7405
"BROOKLYN,PRETORIA Boxes",0011
"BROOKMEAD, East London",5247
"BROOKVILLE, East London",5201
"BRUMA, Johannesburg",2198
"BRUMMERIA & Ext 2,",0184
BRUNEI - Bandar Seri,Z009
BRUNEI - Begawan,Z009
BRUNEI - Other Areas,Z009
"BRUNTVILLE, Mooirivier",3300
BRUYNS HILL,3452
"BRYANBRINK, Randburg",2194
BRYANSTON,2191
BRYANSTON Boxes,2021
"BRYANSTON EAST, Sloane Park",2152
"BRYANSTON Ext/Uit 3 & 5, Randburg",2194
"BRYANSTON Ext/Uit 32, Petervale",2151
"BRYANSTON Ext/Uit 4, 7, 1",2021
BRYANSTON Ext/Uitmerview,2060
"BRYANSTON MANOR, Randburg",2194
BRYANSTON SHOPPING CENTRE,2021
"BRYANSTON WEST, Cramerview",2060
"BRYANSTON-OOS, Sloane Park",2152
"BRYANSTON-WES, Cramerview",2060
"BRYMORE, Port Elizabeth",6025
"BRYNTIRION, Pretoria",0083
"BUCCLEUCH, Sandton",2066
"BUCKINGHAM Est/Lgd, Rondebosch",7780
"BUCKINGHAM, Syferfontein",2710
"BUENA VISTA, Amanzimtoti",4126
"BUFFALO FLATS & Ext/Uit,",5209
"BUFFALO PASS HEIGHTS, East London",5247
"BUFFALO Tsp/Dgd, East London",5201
"BUFFELJAGS RIVER ( Monday,Wednesday & Friday only)",6742
"BUFFELS BAY, Knysna",6570
"BUFFELSBAAI, Knysna",6570
"BUFFELSDALE, Tongaat",4400
BUFFELSFONTEIN,2571
BUFFELSHOEK,1360
BUFFELSPOORT,0284
BUFFELSRIVIER (Monday & Wednesday Only),8251
"BUHLE, Germiston",1401
BUHRMANSDRIF (Tuesday's & Thursday's),2867
"BUITENZORG VILLAGE, Table View",7441
BULEMBU AIRPORT,9996
BULGARIA - Other Areas,Z008
BULGARIA - Sofia,Z008
"BULGE RIVER (Monday,Wednesday & Friday)",0531
"BULGERIVIER (Monday, Wednesday & Friday)",0531
"BULL HILL (Monday,Wednesday & Friday)",8535
BULTFONTEIN,9670
"BULTFONTEIN, Pyramid",0120
BULTHOUDERSIG,6971
"BULTIES Est/Lgd, Somerset west",7130
"BULURA, East London",5201
"BULURA, East London",5201
BULWER,4575
"BULWER, BEREA, Durban",4083
BULWOOD,4010
BUNGENI VILLAGE (Tues & Thurs Only),0960
"BUNKERS HILL, East London",5241
"BUNN, Kimberley",8301
"BURGERSDORP, Free State",9744
"BURGERSDORP, Johannesburg",2092
"BURGERSDORP, Limpopo",0850
BURGERSFORT,1150
"BURGERSHOOP, Krugersdorp",1739
BURGERSPARK,0012
"BURGUNDY ESTATE, Cape Town",7441
BURKINA FASO,Z008
"BURLINGTON HEIGHTS, Durban",4051
BURMA - Other Areas,INT
BURMA - Ragoon,Z000
"BURNDALE FARM UMHLALI, Balito",4390
BURUNDI - Bujumbura,Z008
BURUNDI - Other Areas,Z008
"BUSHBUCKRIDGE (Mon, Wed & Fri Only)",1280
"BUSHHILL, Bromhof",2154
"BUSHKOPPIES, Kliptown",1812
"BUSHLANDS, Durban",4052
BUSHMANS RIVER MOUTH,6190
BUSMANSNEK ( Upon Request),4590
"BUTT FARMING, KAMBERG",3300
BUTTERWORTH,4960
"BUURENDAL, Edenvale (Tvl)",1609
BUXEDENI,3938
"BUYSCELIA, Randvaal",1961
BUYSDORP (Tuesday & Thursday Only),0923
"BYDAND FARMS, Addo",6105
"BYNESPOORT, Cullinan",1000
"C-PLACE, Jeffreys Bay",6330
"CACADU (Tues, Wed, Thurs Only)",5410
"CALA (KALA) ( Tuesday's, Wednesday & Friday Only)",5455
CALEDON,7230
"CALEDON SQUARE, CAPE TOWN",7905
"CALEDONPLEIN, Cape Town (boxes)",7905
"CALEDONSPOORT, Fouriesburg (Serviced out of Bethle",9725
CALIFORNIA FARM - LETSITELE,0885
"CALITZDORP (Monday, Wednesday & Friday only)",6660
CALVINIA,8190
"CALYPSO BEACH, Langebaan",7357
CAMBODIA,Z009
CAMBRIDGE Boxes,5206
"CAMBRIDGE Est/Lgd, Milner",7441
CAMBRIDGE WEST Boxes,5207
"CAMBRIDGE WEST, East London",5247
"CAMBRIDGE, East London",5247
"CAMBRIDGE, Milnerton",7441
CAMBRIDGE-WES Busse,5207
"CAMBRIDGE-WES, Oos-Londen",5247
"CAMELOT, Eersterivier",7100
CAMEROON - Douaja,Z008
CAMEROON - Other Areas,Z008
CAMPBELL (Wednesday Only),8360
"CAMPBELLDORP, Klerksdorp",2570
"CAMPBELLSTOWN, Mount Edge",4300
CAMPERDOWN,3720
"CAMPHERSDRIFT, George",6529
CAMPS BAY Boxes,8040
"CAMPS BAY, Cape Town",8001
"CAMPSDRIFT, Pietermaritzburg",3201
CANADA - Montreal,Z006
CANADA - Other Areas,Z006
CANADA - Toronto,Z006
CANADA - Vancouver,Z006
CANARY ISLANDS - Las Palmas,Z000
CANARY ISLANDS - OTHER AREAS,Z008
CANELANDS,4341
"CANESIDE, Durban",4051
CANNON ROCKS,6186
CAPE FARMS,7765
"CAPE FRUIT PROCESSORS, Hoedspruit",1380
CAPE GATE,7562
CAPE POINT,7995
CAPE ST FRANCIS,6300
CAPE TOWN,8001
CAPE TOWN Boxes,8000
CAPE TOWN DEPOT,8001
CAPE VERDE,Z008
"CAPEST FRANCIS, Humansdorp",6300
CAPITAL PARK Boxes,0013
"CAPITAL PARK, Pretoria",0084
"CAPRI VILLAGE,Fish Hoek",7975
"CAPRICORN, Cape Town",7948
"CAPRICORN, Pietersburg",0699
CARAVELLE Boxes,7787
CARAVELLE Streets,7785
"CARENVALE, Roodepoort",1724
CARIBBEAN - All Islands,Z000
CARLETONVILLE,2500
"CARLETONVILLE Ext 8,",2500
"CARLSWALD, Midrand",1684
"CARLTON CENTRE, Johannesburg",2001
CARNARVON (Tuesday's Only),7060
"CAROLINA (Monday, Wednesday & Friday Only)",1185
CAROLUSBERG,8247
"CAROLWOOD, Fish Hoek",7975
"CARRINGTON HEIGHTS, Durban",4001
"CARTERS GLEN, Kimberley",8301
CASCADES,3202
CASCADES (Boxes),3202
"CASEDENE, Pietermaritzburg",3201
"CASHAN, Rustenburg",0300
"CASON, Boksburg",1459
"CASSANDRA, Kimberley",8301
"CASSELDALE, Springs",1559
"CASSIM PARK, Ermelo",2350
CASTEEL (MABOKE) (Wednesday & Friday Only),1280
"CASTLE ROCK, Simonstown",7995
CASTLETOWN Boxes,7832
"CASTLETOWN, Plumstead",7800
"CASTLEVIEW, Germiston",1401
CATHCART,5310
CATHEDRAL PEAK (Freight Dependant),3342
"CATHKIN Est/Lgd, Athlone",7764
CATHKIN PARK (Tuesday & Thursday),3310
CATO,4091
CATO MANOR,4091
CATO RIDGE,3680
"CAVENDISH, Queensburgh",4093
"CAVERSHAM GLEN, Pinetown",3610
CAYMAN ISLANDS - Grand Cayman,Z008
"CE 1 - 5, Vanderbijlpark",1911
"CEDAR LAKES, Johannesburg",2021
"CEDARVILLE (Monday, Wednesday & Friday)",4720
CEDERBERG,8136
"CEDRELA, Koster",2825
CEGCUWANA,4970
"CELTISDAL, Centurion",0157
"CENTENARY PARK, Durban",4051
"CENTOCOW (Monday, Wednesday & Friday)",4601
CENTRAHIL,6006
CENTRAL AFRICAN REP - Bangui,Z008
CENTRAL AFRICAN REP - Other Areas,Z008
"CENTRAL WESTERN JABAVU, Pimville",1808
"CENTRAL, East London",5201
"CENTRAL, Port Elizabeth/ Gqeberha",6001
CENTURION,0157
"CENTURY CITY, Cape Town",7441
CERES,6835
"CERUTIVILLE, Nigel",1490
CEZA (Tuesday & Thursday),3866
CHAD - Ndjamena,Z008
CHAD - Other Areas,Z008
CHALUMNA,5264
"CHAMDOR, Krugersdorp",1739
"CHAMPAGNE CASTLE, Drakensberg (Freight Dependant)",3339
CHANNEL ISLANDS - Guernsey,Z006
CHANNEL ISLANDS - Jersey,Z005
"CHANTECLER, Durbanville",7550
"CHAPMAN'S PEAK, Cape Town",7979
CHAPMANS BAY ESTATE,7978
CHARL CILLIERS (Wednesday Only),2301
"CHARLES LLOYD Tsp/Dgd, Ea",5209
CHARLESTON HILL Boxes,7621
"CHARLESTON HILL, Paarl",7646
"CHARLESTOWN (Mon, Wed & Fri) Serviced out of DUR",2473
"CHARLESTOWN (Mon, Wed & Fri) Serviced out of JNB",2473
"CHARLESVILLE, Jagersfontein (Wed & Frid Only)",9974
"CHARLESVILLE, Matroosfont",7490
"CHARLO & Ext/Uit 5, Port Elizabeth",6070
"CHARTERSTON, Nigel",1490
CHARTWELL,1748
"CHARUGO Est/Ldg, Grassy Park",7785
"CHASE VALLEY DOWNS,Pietermaritzburg",3201
CHASE VALLEY HEIGHTS,3201
"CHASE VALLEY, Pietermaritzburg",3201
"CHASEDENE, Pietermaritzburg",3201
CHATSGLEN,4012
CHATSWORTH Boxes,4030
"CHATSWORTH, Durban",4092
"CHATTY, Port Elizabeth",6059
CHEBENG,0756
"CHELMSFORD PARK, Pinetown",3610
"CHELMSFORDVILLE, Gillitts",3610
"CHELSEA Est/Lgd, Lansdown",7780
"CHELSEA, Port Elizabeth/Gqeberha",6001
"CHELSEA, Port Elizabeth/Gqeberha",6001
"CHELTONDALE, Johannesburg",2192
CHEMPET Boxes,7442
"CHEMPET, Milnerton",7441
"CHESTERVILLE, Durban",4001
CHILE - Other Areas,Z008
CHILE - Santiago,Z008
"CHILTERN HILLS, Westville",3630
CHINA - Beijing,Z007
CHINA - Other Areas,Z007
CHINTSA EAST,5275
CHINTSA WEST,5275
"CHISELHURST & Ext/Uit, Ea",5247
"CHISELHURST Ext/Uit 3, Ea",5247
"CHISLEHURSTON, Johannesburg",2196
CHLOORKOP,1624
"CHRISMAR Est/Lgd, Bellville",7530
CHRISSIEFONTEIN,1963
CHRISSIESMEER (Thursday Only),2332
CHRISTIANA,2680
CHRISTMAS ROCK,5264
"CHRISTOBURG, Pretoria",0183
"CHRISVILLE & Ext/Uit 1,",2091
"CHROMEVILLE, Middelburg",1050
CHROMITE,0362
"CHROOMPARK, Potgietersrus (Mokopane)",0600
CHUENESPOORT,0745
"CHURCHILL Est/Lgd, Parow",7500
CINDA PARK Boxes,1463
"CINDA PARK, Boksburg",1459
"CINDERELLA, Boksburg",1459
CINTSA EAST,5275
CINTSA-OOS,5275
CITRUSDAL,7340
"CITY & SUBURBAN,Johannesburg",2094
CITY DEEP Boxes,2049
"CITY DEEP, Johannesburg",2001
"CITY WEST, Johannesburg",2092
"CLAIREWOOD, Eersterivier",7100
"CLAIRWOOD, Durban",4052
"CLAM HALL, Parow",7500
CLANOR(Tuesday & Thursday Only),1351
"CLANSTHAL, Umkomaas",4170
CLANWILLIAM,8135
"CLARE Est/Lgd, Durban",4091
"CLARE HILLS, Durban",4091
"CLAREDON, Pietermaritzburg",3201
CLAREINCH Boxes,7740
CLAREINCH Streets,7700
CLAREMONT,7708
"CLAREMONT ,Cape Town",7708
"CLAREMONT, Johannesburg",2092
"CLAREMONT, Pretoria",0082
"CLARENDON Est/Lgd, Mowbra",7700
"CLARENDON, Pietermaritzburg",3201
CLARENS (Serviced out of Bethlehem),9708
"CLARENSPARK, Edenvale",1609
CLARIDGE,3400
"CLARKES Est/Lgd, Elsiesriver",7490
CLARKSON,6302
"CLAUDIUS, Laudium",0037
"CLAYFIELD, Durban",4051
CLAYVILLE & Ext/Uit 7 & 1,1665
"CLAYVILLE EAST, Olifantsfontein",1665
"CLAYVILLE, Olifantsfontein",1666
"CLEARY Est/Lgd, Port Elizabeth",6059
"CLELAND, Pietermaritzburg",3201
"CLERMONT, Pinetown",3610
CLERNAVILLE Boxes,3602
"CLEVEDEN, Johannesburg",2094
CLEVELAND Boxes,2022
"CLEVELAND, Johannesburg",2094
CLEWER,1036
CLIFFDALE,3700
"CLIFTON PARK, East London",5247
"CLIFTON PARK, Gillitts",3610
"CLIFTON, Cape Town",8001
CLOCOLAN,9735
CLOETESVILLE Boxes,7611
"CLOETESVILLE, Stellenbosch",7600
"CLOVELLY, Fish Hoek",7975
"CLOVERDENE, Putfontein",1513
CLUBVIEW Boxes,0014
"CLUBVIEW EAST, Verwoerdburg",0157
"CLUBVIEW WEST, Verwoerdburg",0157
"CLUBVIEW, Centurion",0014
"CLUBVIEW, Fish Hoek",7975
"CLUBVIEW, Verwoerdburg",0157
"CLUBVIEW-OOS, Verwoerdburg",0157
"CLUBVIEW-WES, Verwoerdburg",0157
"CLUBVILLE, Middelburg",1050
"CLYDESDALE, Pretoria",0002
"CLYNTON, Johannesburg",2196
COALVILLE,1033
COEGA,6100
COETZENBURG Boxes,7602
"COETZENBURG, Stellenbosch",7600
COETZERSDAM  (Special Only),8611
COFFEE BAY (Special Trip & Added Charges!),5082
COFIMVABA,5380
COLBYN Boxes,0015
"COLBYN, Pretoria",0083
COLCHESTER (Tuesday & Friday Only),6175
COLDSTREAM (Monday & Wednesday Only),6311
COLENSO,3360
COLESBERG,5980
"COLESKEPLAAS ( Monday, Wednesday & Friday only)",6689
COLIGNY,2725
"COLLEEN GLEN, Port Elizabeth",6001
"COLLERVILLE, Klerksdorp",2570
"COLLONDALE, East London",5201
"COLLONDALE, East London",5201
COLOMBIA - Botaga,Z008
COLOMBIA - Other Areas,Z008
"COLORADO PARK, Mitchells Plain",7785
"COLRIDGE, Vryburg",8601
COLUMBIA - BARRANGUILLA,Z008
"COLVILLE, Kimberley",8301
"COMET, Boksburg",1459
"COMMERCIA, Midrand",1682
COMMONDALE (Wednesday Only),2385
COMORES - Moroni,Z008
"COMPTONVILLE, Johannesburg",2064
"CONCORDIA, Knysna",6571
"CONCORDIA, O'Kiep (Special Trip)",8271
CONERA Boxes,9431
"CONERA, Virginia (OFS)",9430
CONGELLA,4013
"CONGELLA, Durban",4001
CONGO - Brazzaville,Z008
CONGO - Other Areas,Z008
CONGO - Pointe-Noire,Z008
"CONISTON PARK, Retreat",7785
"CONISTON, Constantia",7800
"CONISTON, Verulam",4340
CONLINK TRUST/COOLING FARM,3450
"CONNAUGHT Est/Lgd, Elsies",7490
"CONSOLIDATED MAIN REEF, F",1709
"CONSORT PARK, Retreat",7785
CONSTANTIA,7806
CONSTANTIA Cape Town,7800
"CONSTANTIA HILL Est/Lgd,C",7800
"CONSTANTIA KLOOF, Florida",1709
"CONSTANTIA, East London",5247
"CONSTANTIA, Lengau",9499
CONSTANTIABERG,7806
"CONSTANTIAPARK, Pretoria",0010
"CONSTANTIAVALE, Constantia",7800
"CONVILLE, George",6529
COOK ISLANDS,Z008
COOKHOUSE,5820
COOPER'S KLOOF,6007
COPESVILLE,3254
COPPERTON  (Special Only),8935
COR DELFOS,0016
CORK (Monday's Only - Special),1246
"CORLETT GARDENS, Johannesburg",2090
CORNELIA (Serviced out of Bethlehem),9850
CORNUBIA,4130
"CORNUTA, Retreat",7785
"CORNWALL HILL, Irene",0178
CORONA,0254
CORONATION,3107
"CORONATIONVILLE, Johannesburg",2093
"CORRIDOR HILL, Witbank/Emalahleni",1044
"CORRIEMOOR, Johannesburg",2195
COSMO CITY,2188
COSTA RICA - Other Areas,Z008
COSTA RICA - San Jose,Z008
COTE d'IVOIRE,Z007
"COTSWOLD & Ext/Uit, Port Elizabeth",6045
"COTSWOLD Ext/Uit 2, Port Elizabeth",6045
"COTSWOLD HILLS, Westville",3630
"COTTESLOE, Johannesburg",2092
COTTONDALE (48 Hours),1361
"COUNTRY LIFE PARK, Cramerview",2060
"COURTRAI, Paarl",7646
"COVE RIDGE EAST, East London",5209
"COVE ROCK, East London",5201
"COWDRAY PARK, Cramerview",2060
"COWIE'S HILL PARK, Pinetown",3610
"COWIE'S HILL, Pinetown",3610
"CRADLEWOOD FARM, Tarlton",1749
CRADOCK (NXUBA),5880
"CRADOCK PLACE, Port Elizabeth/ Gqeberha",6001
"CRAIGAVON, Bryanston",2021
"CRAIGBAIN Tsp/Dgd, Port Elizabeth/ Gqeberha",6001
CRAIGHALL Boxes,2024
"CRAIGHALL PARK, Johannesburg",2196
"CRAIGHALL, Johannesburg",2196
"CRAIGIEBURN, Umkomaas",4170
"CRAMERVIEW, Bryanston",2060
CRAMOND,3420
"CRANBROOKVALE, Verwoerdburg",0157
CRAVENBY Boxes,7508
"CRAVENBY Est/Lgd, Elsiesriver",7490
"CRAVENBY, Matroosfontein",7490
CRAWFORD Boxes,7770
CRAWFORD Streets,7764
CRECY,0562
CREIGHTON,4600
"CRESSLAWNS, Kempton Park",1619
"CREST HOLME, Pinetown",3610
CRESTA,2194
"CRESTA & Ext/Uit 2, Randburg",2194
CRESTA Boxes,2118
"CRESTONHILL, Primrose",1401
"CRESTVIEW, Port Elizabeth",6025
"CRESWELL PARK, Roodepoort",1724
CROATIA  -OTHER AREAS,Z008
CROATIA - Zagreb,Z007
"CROESUS, Johannesburg",2093
"CROFTDENE, Chatsworth",4092
"CROFTERS VALLEY, Cape Town",7979
"CROMEVILLE, Middelburg",1050
"CROSBY, Johannesburg",2092
"CROSSMOOR, Chatsworth",4092
CROSSROADS Boxes,7753
"CROSSROADS, Gatesville",7764
"CROSSWAYS, East London",5256
"CROWN CITY, Johannesburg",2195
"CROWN GARDENS, Johannesburg",2091
CROWN MINES Boxes,2025
"CROWN MINES, Johannesburg",2092
"CROWTHORNE AH, Midrand",1685
"CROYDON, Cape Town",7710
"CROYDON, Kempton Park",1619
"CROYDON, Somerset West",7130
"CRUYWAGENPARK, Elsburg",1407
CRYSBESTOS  (Wednesday & Friday Only),1307
"CRYSTAL GARDENS, Johannesburg",2090
CRYSTAL PARK,1515
CRYSTAL PARK Boxes,1515
CRYSTAL PARK Ext/Uit 2 &,1515
"CULEMBEECK, Roodepoort",1724
"CULEMBORGPARK, Randfontein",1760
"CULLDENE, Cradock",5880
CULLINAN,1000
CUMBERWOOD Boxes,3235
"CUMBERWOOD, Pietermaritzburg",3201
CURACAO,Z009
CURRY'S POST,3304
"CW 1 - 6, Vanderbijlpark",1911
"CYFERFONTEIN, Walkerville",1876
CYPRES - Nicosia City,Z007
CYPRES - Other Areas,Z007
CYRILDENE Boxes,2026
"CYRILDENE, Johannesburg",2198
CZECH REPUBLIC - Prague,Z007
CZECH REPUCLIC - Other Areas,Z008
"D7 BOATING, Pongola",3170
"DA GAMA PARK, Simonstad",7995
DA GAMASKOP Boxes,6501
"DA GAMASKOP, Mosselbaai",6500
"DA NOVA, Mosselbay",6500
"DAANTJIE, Mpumalanga ( Tuesday & Thursday Only)",1215
"DADAVILLE, Vereeniging",1939
"DAGBREEK, Welkom",9459
"DAGGAFONTEIN & Ext/Uit 1,",1559
DAGGAFONTEIN Boxes,1573
"DAINFERN, Fourways",2055
"DAL FOUCHE, Springs",1559
"DAL JOSAFAT, Paarl",7646
DALBRIDGE,4014
"DALBRIDGE, Durban",4001
"DALECROSS, Johannesburg",2196
"DALESIDE, Randvaal",1961
"DALMADA, Polokwane",0699
"DALPARK & Ext/Uit 1, 6 &",1540
DALPARK Boxes,1543
"DALROPARK, Eersterivier",7100
"DALSIG, Stellenbosch",7600
DALTON,3470
DALVIEW Boxes,1544
"DALVIEW, Brakpan",1540
DAMONSVILLE,0250
DAMWAL,0470
"DAN PIENAAR, Bloemfontein",9301
"DAN PIENAARVILLE, Krugers",1739
DANA BAY,6510
"DANARAND, Kuilsrivier",7580
DANCKERTVILLE Boxes,7305
"DANCKERTVILLE, Malmesbury",7300
"DANENA, Bellville",7530
DANHAUSER ( Wednesdays Only),3080
DANHOF Boxes,9310
"DANHOF, Bloemfontein",9301
"DANIA PARK, Primrose",1401
"DANIEL BRINKPARK, Randburg",2194
DANIELSKUIL (Wednesday's Only),8405
DANIELSRUS (Serviced out of Bethlehem),9707
"DANSKRAAL, Ladysmith",3370
DANVILLE Boxes,0018
"DANVILLE, Mahikeng",2745
"DANVILLE, Pretoria",0183
DARGLE,3265
DARLING,7345
"DARRENWOOD & Ext/Uit 2, R",2194
DASPOORT Boxes,0019
"DASPOORT, Pretoria",0082
DASSENBERG Boxes,7350
DASSENBERG Streets,7349
"DASSENHOEK, Nagina",3604
"DASSIERAND, Potchefstroom",2520
"DAVANNA, Klerksdorp",2570
DAVEL,2320
DAVENPORT,4001
DAVEYTON,1507
DAVIDSONVILLE & Ext/Uit 2,1724
"DAVIDSONVILLE NORTH, Roodeport",1724
"DAVIDSONVILLE-NOORD, Roodeport",1724
"DAWID MALANVILLE, Kroonstad",9499
"DAWIDSBURG, Welkom",9459
"DAWKINSVILLE, Klerksdorp",2570
"DAWN CREST, Verulam",4340
"DAWN CREST, Westville",3630
"DAWN PARK & Ext/Uit 2, 4,",1459
"DAWN VIEW, Primrose",1401
"DAWN, East London",5247
"DAWNCLIFFE, Westville",3630
"DAYANGLEN, Boksburg",1459
"DAYIZENZA, Hazyview",1242
DE AAR,7000
"DE BEERS, Kimberley",8301
"DE BEERS, Pretoria",0181
"DE BEERSHOOGTE, Barkly West (Mon,Wed & Frid)",8375
"DE BRON, Bellville",7530
DE BRUG,9928
"DE BRUINPARK, Ermelo",2350
"DE BRUINPARK, Germiston",1401
"DE CLERQVILLE, Klerksdorp",2570
DE DEUR,1884
DE DEUR,1884
DE DOORNS,6875
"DE DUIN, Parow",7500
DE KELDERS,7220
"DE KUILEN, Kuilsrivier",7580
"DE MIST, Uitenhage/ Kariega",6230
"DE RUST, Hazyview",1242
"DE RUST, W.Cape (Mon, Wed & Fri Only)",6650
DE TIJGER,7502
"DE TIJGERPARK, Parow",7500
DE WAGENSDRIFT,1002
"DE WATERKANT, Cape Town",8001
DE WET,6853
"DE WIJNLANDEN, Stellenbosch",7500
DE WILDT,0251
"DE ZOETE INVAL, Paarl",7646
"DEACONVILLE, Macassar",7130
"DEAL PARTY, Port Elizabeth/ Gqeberha",6001
"DEALES GIFT, Bloemfontein",9301
DEALESVILLE,9348
DEBE NEK,5604
"DEELKRAAL, Carletonville",2500
"DEEMOUNT ( Monday,Wednesday & Friday)",4681
DEEP SOUTH,2536
"DEEPDALE (Monday, Wednesday & Friday)",4521
"DEEPMEADOW, Meadowlands",1852
DEER PARK,0852
"DEERNESS, Pretoria",0084
"DEFENCE FORCE AREA, Pretoria",0002
"DEJERRING HEIGHTS, Pietermaritzburg",3201
"DEKLERKSHOF, Edenvale",1609
"DEL JUDOR & Ext/Uit 1, Witbank/ Emalahleni",1035
"DELAHAYE Est/Lgd, Bellville",7530
"DELAREY, Florida",1709
DELAREYVILLE,2770
"DELFT, Cape Town",7100
"DELFT, Eersterivier",7100
DELMAS,2210
DELMENVILLE Boxes,1403
"DELMENVILLE, Germiston",1401
DELMORE,1404
"DELPORTON, Krugersdorp",1739
"DELPORTSHOOP (Monday, Wednesday & Friday)",8377
"DELTFONTEIN, Cape Town",7100
"DELVILLE, Germiston",1401
"DELVILLE, Pacaltsdorp",6534
DEMOCRATIC REPUBLIC OF CONGO,Z000
DENDRON (MOGWADI) (Tuesday & Thursday Only),0715
DENEYSVILLE,1932
"DENLEE, Germiston",1401
DENMARK - Copenhagen,Z006
DENMARK - Other Areas,Z007
"DENNE-OORD, George",6529
"DENNEBURG, Paarl",7646
"DENNEDAL, Tokai",7785
"DENNEHOF, Johannesburg",2196
"DENNEMERE, Blackheath",7581
DENNESIG Boxes,7601
"DENNESIG, Middelburg",1050
"DENNESIG, Stellenbosch",7600
DENNILTON,1030
DENNY DALTON,3837
DENVER Boxes,2027
"DENVER, Johannesburg",2094
DERBY,2820
"DERBY DOWNS, Westville",3630
"DERDEPOORT, Pretoria",0002
DERNELL,4480
DERSLEY Boxes,1569
"DERSLEY, Springs",1559
"DERWENT Est/Lgd, Ottery",7800
"DES HAMPTON, Kuilsrivier",7580
DESAINAGAR,4405
DESPATCH,6220
"DESPATCH, Port Elizabeth",6220
"DEURDRIF, Cape Town",7550
"DEVIL'S PEAK, Cape Town",8001
"DEVLAND, Johannesburg",2013
DEVON (Tuesdays & Thursdays),2260
"DEVON PARK, Eersterivier",7100
"DEVON VALLEY, Stellenbosch",7600
DEVONDALE,8602
"DEWALD HATTINGH PARK, Benoni",1501
DEWETSDORP,9940
"DEWETSHOF, Johannesburg",2198
"DEWITSRUS, Germiston",1401
DF MALAN AIRPORT,7525
DF MALAN INDUSTRI#LE GEBI,7490
"DF MALAN INDUSTRIAL AREA,",7490
DF MALANLUGHAWE,7525
"DIAMOND PARK, Kimberley",8301
DIAZVILLE Boxes,7397
"DIAZVILLE, Saldanha",7395
DIBASABOPHELO,0457
DIBENG (Monday & Wednesday),8463
"DICKINSONVILLE, Vereeniging",1939
"DICLA FARM & SEED VAN WYKSVLEI, Muldersdrif",1747
"DIDO VALLEY, Simon's Town",7995
"DIDOVALLEI, Simonstad",7995
"DIE BOORD, Stellenbosch",7600
"DIE BULTE, Vredendal",8160
"DIE ERWE, Douglas",8730
"DIE HEUWEL, Witbank/ Emalahleni",1042
"DIE HOEWES, Centurion",0157
"DIE RAND, Upington",8801
"DIE VOOR BAY, Mosselbay",6500
"DIE WILGERS, Pretoria",0041
"DIE WINGERD, Somerset West",7130
DIEP RIVER Boxes,7856
DIEP RIVER Streets,7800
DIEPDALE ( Thursday Only),2375
"DIEPKLOOF & Ext/Uit, Orla",1804
DIEPKLOOF Boxes,1864
"DIEPKLOOF HOSTEL, Orlando",1804
DIEPKLOOF ZONE/SONE 1 - 1,1804
DIEPRIVIER Busse,7856
DIEPRIVIER Strate,7800
"DIEPRIVIER, George",6529
DIEPSLOOT,2189
DIFATENG,2560
"DIHATSHWANE VILLAGE, Mahikeng",2745
DIJONG,2556
DIKEBU,0415
DIKGAKENG (Frieght Dependant),9872
DIKGALE,0721
DIMBAZA,9996
"DINGLETON (Monday,Tuesday, Wednesday & Thursday)",8445
DINOKANA,2868
DINOKENG,0400
DINWIDDIE Boxes,1405
"DINWIDDIE, Germiston",1401
DISCOUNT WHOLESALE RUSTENBURG,A005
"DISCOVERY & Ext/Uit 11,",1709
DISKOBOLOS,8325
"DISTRICT SIX, Cape Town",7925
"DISTRIKDORP, Krugersdorp",1739
"DITAUNG, Laphalale",0555
DITHAKONG,8604
DITSHIPENG (Special Only),8474
DJIBOUTI,Z008
DLALELANI,1770
"DLAMINI & Ext/Uit 1 - 10,",1818
DLOLWANA,3554
DOBSONVILLE,1865
"DOBSONVILLE Ext/Uit 2, Dobsonvile",1865
"DOBSONVILLE Ext/Uit, Dobsonville",1865
DOLPHIN COAST,4420
DOMINICA,Z009
DOMINICAN REPUBLIC,Z008
DOMINIONVILLE,2578
DONKERHOEK,1000
DONKIN HILL,6010
DONNYBROOK,4560
"DOON HEIGHTS, Amanzimtoti",4126
DOONSIDE Boxes,4135
"DOONSIDE, Amanzimtoti",4126
"DOOR-DE-KRAAL, Bellville",7530
"DOORDRIFT Est/Lgd, Plumstead",7800
"DOORN, Welkom",9459
"DOORNBULT, Polokwane",0699
DOORNFONTEIN Boxes,2028
"DOORNFONTEIN NORTH, Johannesburg",2094
"DOORNFONTEIN, Johannesburg",2094
"DOORNFONTEIN-NOORD, Johannesburg",2094
"DOORNHOEK FARM, Tzaneen",0850
"DOORNHOOGTE Est/Lgd, Athlone",7764
"DOORNKLOOF, Moorreesburg",7310
"DOORNKLOOF, Pretoria",0157
"DOORNKLOOF, Pretoria",0157
DOORNKOP Boxes,1723
"DOORNKOP MILIT#RE BASIS,",2013
"DOORNKOP MILITARY CAMP,",2013
"DOORNKOP, Kearsney",4453
"DOORNKOP, Roodepoort",1724
"DOORNKOP, Soweto",1723
"DOORNKRAAL, Cullinan",1000
DOORNPOORT,0186
DOORNPOORT Boxes,0017
"DOORNPOORT, Pretoria",0017
DORANDIA & Ext/Uit 10 & 1,0182
DORBANK,6625
"DORCHESTER HEIGHTS, East London",5247
DORDRECHT,5435
"DORELAN, Johannesburg",2090
"DORHILL Est/Lgd, Somerset West",7130
DORING BAY,8151
DORINGBAAI,8151
DORINGBOS,8137
"DORINGKLOOF, Pretoria",0157
"DORINGKOP, Durban North",4051
"DORINGKRUIN, Klerksdorp",2576
DORINGPOORT,2827
"DORMEHLS DRIFT, George",6529
DORMERTON,4015
"DORMERTON, Durban",4091
DORPSPRUIT Boxes,3206
"DORPSPRUIT, Pietermaritzburg",3201
DOUGLAS,8730
"DOUGLAS VALLEY, Bloemfontein",9301
"DOUGLASDALE Ext/Uit 13, 1",2055
"DOUGLASDALE Ext/Uit 4, Sloane Park",2152
"DOUGLASDALE Ext/Uit 9, Cramerview",2060
"DOUGLASDALE, Bryanston",2021
"DOVEHOUSE, Gillitts",3610
DOWERGLEN & Ext/Uit 1 - 5,1609
"DOWERVILLE, Port Elizabeth/ Gqeberha",6001
"DR BRAUN Tsp/Dgd, Uitenhage/ Kariega",6230
DRAAIKRAAL (Thursday Only),1112
DRAGON PEAKS (On request),3331
DRAKENSBURG ( Tuesday & Thursday),3340
"DRAKENSVIEW, Esctcourt",3310
DRAYCOTT,3312
DREW,6741
"DREYERSDAL Est/Lgd, Bergvliet",7785
DRIE RIVIERE,1935
"DRIE RIVIERE & Uit 1,",1939
"DRIE RIVIERE-OOS,",1941
"DRIEANKERBAAI, Kaapstad",8001
DRIEFONTEIN ( Monday's Only),3370
"DRIEFONTEIN, Boksburg",1459
"DRIEFONTEIN, Muldersdrif",1747
"DRIEFONTEIN, Randburg",2194
DRIEFONVILLE,2506
"DRIEHOEK, Bloemfontein",9301
"DRIEHOEK, Germiston",1401
"DRIEKOP, Burgersfort",1129
"DRIEMANSKAP, Heidelburg",1441
"DRIFTSANDS, Port Elizabeth/ Gqeberha",6001
DROEVLAKTE ( Tuesday & Thursday only),6773
DROMMEDARIS,0021
DROSTDY,6822
"DROSTDY PARK, Kuilsrivier",7580
"DROSTE PARK, Johannesburg",2094
"DRUIWEVLEI, Manenberg",7764
"DRUMBLADE AH, Midvaal",1945
"DRUMBLAIR, Retreat",7785
"DRUMMOND, Botha's Hill",3660
DRUSANA Boxes,9311
"DU TOIT/STA, Stellenbosch",7600
"DUBE & Ext/Uit, Meadowlands",1852
"DUBE HOSTEL, Meadowlands",1852
"DUBE VILLAGE, Meadowlands",1852
"DUDUZA, (Boxes)",1494
"DUDUZA, Nigel",1490
"DUFF'S ROAD, Durban North",4051
"DUFFIELD, Lichtenburg",2740
"DUFFWEG, Durban",4051
"DUINEFONTEIN, Manenberg",7764
DUIWELSKLOOF(MODJADJISKLOOF)(Tues & Thurs Only),0835
"DUIWELSKOP, Cape Town",8001
DUKATHOLE Boxes,5531
"DUKATHOLE, Aliwal North",5530
DULLSTROOM (Tuesday's Only),1110
"DUNCAN VILLAGE, East London",5209
"DUNCANVILLE, Vereeniging",1939
DUNDEE (via Newcastle),3000
DUNDONALD (Thursdays Only),2336
"DUNHILL, Johannesburg",2192
"DUNKELD WEST, Johannesburg",2196
"DUNKELD, Johannesburg",2196
"DUNMADELEY, Boksburg",1459
DUNNOTTAR,1590
DUNOON,7441
"DUNSEVERN, Johannesburg",2090
DUNSWART Boxes,1508
"DUNSWART, Benoni",1501
"DUNVEGAN, Edenvale",1609
"DUNVERIA, Pietermaritzburg",3201
DURBAN,4001
DURBAN  DEPOT,4001
DURBAN Boxes,4000
"DURBAN DEEP, Roodepoort",1724
DURBAN NORTH,4016
DURBAN NORTH,4051
"DURBAN VILLAS, Durbanville",7550
DURBAN-NOORD Busse,4016
"DURBAN-NOORD, Durban",4051
DURBANVILLE,7550
"DURBANVILLE Ext/Uit 13,",7550
"DURBANVILLE HILLS, Durbanville",7550
"DURBELL, Durbanville",7550
DURNACOL,3082
DURRHEIM Boxes,7491
"DURRHEIM, Matroosfontein",7490
DUTYWA (IDUTYWA),5000
"DUVHA PARK, Witbank/Emalahleni",1034
"DUXBURY, Riverclub",2149
"DUYNEFONTEIN, Melkbosstrand",7444
DWAALBOOM,0319
DWARS RIVER,0812
"DWARSKERSBOS, Velddrif",7365
DWARSLOOP (Tueday & Thursday),1280
DWARSRIVIER,0812
DWESHULA,4247
DYASONSKLIP (Special Trip),8805
DYNAMITE FACTORY,7120
DYSSELSDORP,6628
"DZANANI (Mon,Wed,Fri Only)",0955
DZIMAULI,0975
DZINGIDZINGI,0150
DZUMERI (Wednesday Only),0833
"EAGLE'S NEST, Plumstead",7800
"EARLSFIELD, Durban",4051
"EAST BANK, Johannesburg",2090
"EAST END, Bloemfontein",9300
"EAST END, DURBAN",4018
"EAST END, Rustenburg",0300
"EAST HAVEN, Retreat",7785
EAST LONDON,5201
EAST LONDON Boxes,5200
"EAST LYNNE, Pretoria",0186
"EAST PARK, Kagiso",1744
"EAST QUEENSBURGH Est/Lgd,",4093
EAST RAND Boxes,1462
"EAST RAND, Boksburg",1459
"EAST ROCK, Durbanville",7550
"EAST RURAL, Kraaifontein",75070
"EAST TOWN, Johannesburg",2195
"EAST VILLAGE, Boksburg",1459
"EASTBURY, Durban",4051
"EASTCLIFF, Hermanus",7200
"EASTCLIFF, Johannesburg",2190
"EASTDENE, Middelburg",1050
"EASTERN EXTENTION, George",6529
"EASTERN EXTENTION, Krugersdorp",1739
"EASTFIELD, Rusloo",1468
EASTGATE Boxes,2103
EASTGATE EXT 9,2090
"EASTGATE Ext/Uit 3, 4, 6,",2148
"EASTLAKE ISLAND, Muizenberg",7945
"EASTLAKE VILLAGE, Muizenberg",7945
"EASTLAKE, Muizenberg",7945
"EASTLEIGH, Edenvale",1609
"EASTRIDGE, Mitchells Plain",7785
"EASTVALE, Springs",1559
EASTWOLDS (Special Trip to be arranged),4562
"EASTWOOD, Pietermaritzburg",3201
"EASTWOOD, Pretoria",0083
EBENHAESER,8149
EBILANYONI,3185
"EBONY PARK, Midrand",1632
EBUHLENI,1909
"EDELWEISS & Ext/Uit, Springs",1559
"EDELWEISS Ext/Uit 1, Springs",1559
"EDEN GLEN & Ext/Uit 6, 15",1609
EDEN GLEN Boxes,1613
EDEN PARK,1455
"EDEN PARK Ext/Uit 1,",1455
"EDEN PARK, Brackenfell",7560
EDENBURG,9908
"EDENBURG, RIVONIA",2128
"EDENBURGH Est/Lgd, Claremont",7700
"EDENDALE, Durban",4505
"EDENDALE, Edenvale",1609
"EDENDALE, Pietermaritzburg",3217
EDENVALE,1609
"EDENVALE, T Boxes",1610
"EDENVALE, T Streets",1609
"EDENVILLE (Monday, Wednesday & Friday)",9535
EDGEMEAD Boxes,7407
EDGEMEAD Streets,7441
EDLEEN Boxes,1625
"EDLEEN, Kempton Park",1619
"EDONQABA, Kingwilliams/ Qonce",5600
"EDUAN PARK, Pietersburg",0699
EENDEKUIL,7335
"EENDEVILGELVLEY, Ladysmith",3370
EENDRAG (Tuesdays & Thursdays Only),2266
EERSTE RIVER,7100
EERSTEGOUD (Tuesdays & Thursdays Only),0701
EERSTEMYN Boxes,9466
"EERSTEMYN, Welkom",9459
EERSTERIVIER,7100
EERSTERIVIERSTRAND (Tuesdays's & Thursday's Only),6303
EERSTERUS,0022
"EERSTERUS Ext/Uit 6,",0022
"EFFINGHAM HEIGHTS, Durban",4051
EGAGASINI,3972
EGYPT - Cairo,Z007
EGYPT - Other Areas,Z008
"EHLANZENI DISTRICT MUNICIPALITY, Nelspruit",1200
EHRLICHPARK Boxes,9312
"EHRLICHPARK, Bloemfontein",9301
EIKEFONTEIN Boxes,7571
"EIKEFONTEIN, Kraaifontein",7570
"EIKENBOSCH, Belville",7530
EIKENHOF,1872
EIKENHOF,1872
"EKANDUSTRIA, Bronkhorstspruit",1020
EKANGALA,1021
EKHAYALIHLE,2510
"EKKLESIA, Pretoria",0186
EKSTEENFONTEIN,8284
EKULINDENI (Special Trip & Add Charges Apply),1301
EKUNDUSTRIA,1028
"EKUPHUMLENI, Khayelitsha",7784
"EKUPHUMLENI, Whittlesea",5360
"EKWENDENI, Pomeroy (Monday & Thursday)",3020
EL SALVADOR,Z008
EL SALVADOR - Other Areas,Z008
"ELANDIA, Klerksdorp",2570
"ELANDIA, Kroonstad",9499
ELANDS BAY (Tuesday's & Thursdays Only),8110
ELANDSBAAI (Tuesday's & Thursdays Only),8110
ELANDSFONTEIN,1406
"ELANDSFONTEIN RAIL, Elandsfontein",1406
"ELANDSFONTEIN SPOOR, Elandfontein",1406
"ELANDSGOUD, Carletonville",2508
"ELANDSHAVEN, Germiston",1401
"ELANDSHEUWEL, Klerksdorp",2570
ELANDSHOEK (Wednesday Only),1208
ELANDSKOP (Special Trip to be arranged),4540
ELANDSKRAAL,3017
"ELANDSKRAAL, Mooi Nooi",3017
ELANDSLAAGTE,2900
"ELANDSPARK, Johannesburg",2197
"ELANDSPOORT, Pretoria",0183
"ELANDSPRUIT, Middelburg",1050
"ELANDSRAND, Brits",0250
"ELANDSRAND, Carletonville",2500
ELANGENI,5259
ELARDUSPARK & Ext/Uit 1,0181
ELARDUSPARK Boxes,0047
"ELCEDES, Johannesburg",2094
ELDORADOPARK,1812
ELDORADOPARK Boxes,1813
ELDORADOPARK Ext/Uit 1,1812
"ELDORAIGNE & Ext/Uit 1, 3",0157
"ELECTRAPARK, Kimberley",8301
"ELECTRIC CITY, Eersteriver",7100
"ELECTRON, Johannesburg",2197
ELEPHANT PARK,6109
"ELFINDALE Est/Lgd, Bergvliet",7785
ELGIN,7180
ELIM Cape Town (Tuesday's & Thursday Only),7284
"ELIM, KuilsRiver",7580
"ELIM, Polokwane (Tues & Thurs Only)",0960
"ELLADOONE, Johannesburg",2197
"ELLATON, Klerksdorp",2570
ELLERTON FARM,3275
ELLIOT (48 Hours),5460
ELLIOTDALE (Wednesday Only),5070
"ELLIS PARK, Durban North",4051
"ELLIS PARK, Johannesburg",2094
ELLISRAS (LEPHALALE),0555
"ELMADAL, Polokwane",0750
"ELMAPARK, Edenvale",1609
ELMESTON,0532
"ELNOR Est/Lgd, Matroosfon",7490
"ELOFF ( Monday, Wednesday & Friday)",2211
"ELOFF (Monday,Wednesday & Friday)",2211
"ELOFFSDAL, Pretoria",0084
ELONWABENI,7791
"ELRICHT Est/Lgd, Paarl",7646
ELSBURG,1407
ELSENBURG,7607
ELSIE'S RIVER Boxes,7480
"ELSIES BAY, Simon's Town",7995
ELSIES RIVER,7490
"ELSIESBAAI, Simonstown",7995
"ELSIESHOF, Johannesburg",2094
ELSIESRIVIER Busse,7480
ELSIESRIVIER Strate,7490
ELSPARK Boxes,1418
"ELSPARK, Elsburg",1407
"ELTIVILLAS, Louis Trichar",0920
"ELTONHILL, Johannesburg",2196
"ELTORO PARK, Kimberley",8301
ELUKWATINI (Wednesday & Friday Only),1192
ELUKWATINI (Wednesday & Friday Only),1192
"ELUNDINI, Port Elizabeth",6200
"ELWYN PARK, Crawford",7764
"ELYSIUM, Durban",4185
EMAKHAZENI (BELFAST) (Tuesday & Thursday Only),1100
EMALAHLENI (WITBANK),1034
EMALAHLENI (WITBANK),1039
EMANGWENI (Wednesday & Friday Only),1341
"EMBALENHLE (Monday,Wednesday & Friday Only)",2285
EMBALI,2513
"EMBERTON, Gillitts",3610
"EMDENI & Ext/Uit, kwaXuma",1868
"EMDENI NORTH, kwaXuma",1868
"EMDENI SOUTH, kwaXuma",1868
"EMDENI-NOORD, kwaXuma",1868
"EMDENI-SUID, kwaXuma",1868
EMERALD HILL,6011
EMGWENYA (WATERVAL-BOVEN)(Wednesday Only),1195
EMJEJANE (HECTORSPRUIT),1330
"EMJINDINI, Barberton (Wednesday & Friday Only)",1300
EMLANJENI,0363
"EMMARENTIA & Ext/Uit,",2195
EMMARENTIA Boxes,2029
EMONDLO (Monday and Wednesday),3105
EMOYENI (Tuesday and Thursday),3805
"EMOYNENI, Nelspruit(Tuesday & Thursday Only)",1201
"EMPANGELA, Empangeni",3880
EMPANGENI,3880
EMPANGENI/STA,3910
EMPULUZI (Thursday's Only),2339
EMPUMALANGA,0458
EMPUNGA,3562
"EMZINONI, Bethal",2309
ENDICOTT,2255
"ENDO PARK, Pietersburg",0699
ENGCOBO (NGCOBO),5050
"ENHLALAKAHLE, Greytown",3500
"ENI SUPPLIES TA TATA SPARES, Hartbeespoort",0216
"ENKANYEZI, Colenso",3360
ENKELBULT,0556
ENNERDALE,1826
"ENNERDALE, Odin Park",1825
ENON,6125
ENTABENI,0307
ENTOKOZWENI (MACHADODORP) (Tuesday & Thursday Only,1170
ENTSHANGWE,3670
EPPINDUST,7475
"EPPING FOREST Est/Lgd,",7490
"EPPING INDUSTRIAL AREA,",7460
EPPING INDUSTRIELE GEBIED,7460
"EPSOM DOWNS, Sloane Park",2152
"EPSWORTH, Pietermaritzburg",3201
"EPWORTH, Pietermaritzburg",3201
EQUADOR,Z008
"EQUARAND, Newcastle",2940
EQUATORIAL GUINEA,Z008
"EQUESTRIA, Pretoria",0184
ERASMIA Boxes,0023
"ERASMIA, Pretoria",0183
"ERASMUS, Bronkhorstpruit",1020
ERASMUSKLOOF,0153
"ERASMUSRAND, Pretoria",0181
"ERIC DODD, Uitenhage/ Kariega",6230
"ERIC LOUWBURG ( Monday, Wednesday & Friday only)",6972
"ERICA Est/Lgd, Elsies River",7490
ERITREA,Z008
ERMELO,2350
"ERNESTVILLE, Kimberley",8301
"ESCOMBE, Queensburgh",4093
ESHOWE,3815
"ESIDUMBINI, Tongaat",4400
ESIKHAWINI,3887
ESKOM MATIMBA POWER STATION,0555
ESPAGSDRIF,8551
"ESSELEN PARK, Worcester",6850
ESSELENPARK,1626
ESSENWOOD,4001
"ESSEXVALE, Port Elizabeth",6070
"ESSEXWOLD, Bedfordview",2008
ESSOPVILLE (Monday. Wednesday & Friday),6970
ESTADEAL,6012
ESTANCIA,2331
ESTCOURT,3310
"ESTERA, Elsburg",1407
"ESTERPARK & Ext/Uit 1,",1619
"ESTOIRE, Bloemfontein",9301
ESTON (Remote area surcharge)( Monday Only),3740
ESTONIA,Z008
ETETE,4430
ETHIOPIA,Z008
ETHIOPIA,Z008
"ETWATWA, Daveyton",1507
EUCADOR - Other Areas,Z009
EUCADOR - Quito,Z009
"EUREKA Est/Lgd, Elsiesriver",7490
"EUREKA, Bethlehem",9700
"EUREKA, Burgersdorp",5520
"EUREKA, East London",5247
EVANDER,2280
"EVANS PARK, Johannesburg",2091
"EVATON, Residensia",1980
"EVELEIGH, Boksburg",1459
"EVEREST, Thokoza",1421
"EVERESTPARK, Ermelo",2350
"EVERGLEN, Durbanville",7550
"EVERGREEN,Fish Hoek",7975
"EVERSDAL HEIGHTS, Durbanville",7550
"EVERSDAL, Durbanville",7550
"EVERTON, Gillitts",3610
"EXCELSIOR (Tues,Wed & Fri Only)",9760
EXCOM,2023
"EXTON ROAD, BLOEMFONTEIN",9313
"EXTONWEG, BLOEMFONTEIN",9313
"EXXARO COAL MINE, Vaalwater (Mabatlane)",0530
EZAKHENI,2940
EZAKHENI,3381
"EZENZELENI, Warden (Serviced out of Bethlehem)",9890
"EZIBELENI, Queenstown / Komani",5320
"FABRICIA, Kimberley",8301
"FACTORIA, Krugersdorp",1739
"FACTRETON, Maitland",7405
FAERIE GLEN,0043
"FAERIE GLEN, Pretoria",0043
"FAERIE KNOWE, Fish Hoek",7975
"FAIRBREEZE, Tongaat",4400
"FAIRBRIDGE Est/Lgd, Maitland",7405
"FAIRBRIDGE HEIGHTS,Uitenhage/ Kariega",6230
"FAIRFIELD Est/Lgd, Parow",7500
FAIRLAND Boxes,2030
"FAIRLAND, Johannesburg",2195
"FAIRMEAD, Pietermaritzburg",3201
"FAIRMOUNT RIDGE, Johannesburg",2192
"FAIRMOUNT, Johannesburg",2192
"FAIRTREES, Durbanville",7550
"FAIRVALE, Johannesburg",2192
"FAIRVIEW Est/Lgd, Plumstead",7800
FAIRVIEW Port Elizabeth,6070
"FAIRVIEW, Barkly East/",5580
"FAIRVIEW, Bloemfontein",9301
"FAIRVIEW, Empangeni",3880
"FAIRVIEW, Faerie Glen",0043
"FAIRVIEW, Johannesburg",2094
"FAIRVIEW, Port Elizabeth",6070
"FAIRWAYS, Johannesburg",2196
"FAIRWAYS, Wynberg",7800
"FAIRWOOD, Johannesburg",2192
"FAIRYGLEN, Worcester",6850
"FALCONRIDGE, Vereeniging",1939
"FALLODEN PARK, Durban",4094
"FALSE BAY, Muizenberg",7945
"FAMO PARK, Pietersburg",0699
"FARM 465, Kathu",8446
FARM BRAKFONTEIN,2550
"FARM DEWDROP INN, Queenstown",5320
FARM DOORNHOEK 910,0316
FARM KROKODILKRAAL,0361
"FARM MOOIUITZICHT, Bonnievale",6730
"FARM WELTEVREDEN, Witkop",9540
"FARMALL, CHARTWELL WEST ( Plot )",2191
"FARMEDGE, Retreat",7785
"FARMSIDE, Retreat",7785
"FARNINGHAM RIDGE, Pinetown",3610
FAROE ISLANDS,Z009
"FARRAR PARK, Boksburg",1459
"FARRARMERE & Ext/Uit 21,",1501
FARRARMERE Boxes,1518
"FAUNA PARK, Pietersburg",0699
"FAUNA PARK, Virginia",9431
"FAUNA, Bloemfontein",9301
FAUNASIG Boxes,9325
"FAUNASIG, Bloemfontein",9301
FAURE,7131
FAURESMITH (Thursday Only),9978
FAWN LEAS,3475
"FELEKISI, Amanzimtoti",4126
FELIXTON,3875
"FELLSIDE, Johannesburg",2192
"FERGUSON Tsp/Dgd, Port Elizabeth/ Gqeberha",6001
"FERNCLIFF, Pietermaritzburg",3201
"FERNDALE & Ext/Uit 3 & 6,",2194
FERNDALE Boxes,2160
"FERNDALE Est/Lgd,Newlands",7700
"FERNDALE RIDGE, Randburg",2194
"FERNDALE, Brackenfell",7560
"FERNDALE, Randburg",2194
"FERNESS Est/Lgd, Ottery",7800
"FERNGLEN, Port Elizabeth",6045
"FERNKLOOF, Hermanus",7200
"FERNRIDGE, George",6529
"FERNWOOD Est/Lgd,Newlands",7700
"FERRAX, Newcastle",2953
"FERREIRA TOWN, Jefferys Bay",6330
"FERREIRA, Bloemfontein",9301
FERREIRASDORP Boxes,2048
"FERREIRASDORP, Johannesburg",2001
"FERROBANK, Witbank/ Emalahleni",1035
"FERRYVALE, Nigel",1490
"FICHARDTPARK, Bloemfontein",9301
FICKSBURG,9730
FIELD POST OFFICE 1,0106
"FIELDS HILL, Pinetown",3610
FIJI - Other Areas,Z008
FIJI - Suva,Z008
"FILLIAN PARK, Pietermaritzburg",3201
"FINGO VILLAGE, Grahamstown ( Makhanda)",6140
FINLAND - Helsinki,Z005
FINLAND - Other Areas,Z006
"FINSBURY, Randfontein",1760
"FIONA Est/Lgd, Ysterplaat",7405
FIRGROVE Boxes,7110
FIRGROVE Streets,7130
"FIRWOOD Est/Lgd, Queensburg",4093
"FISANTEKRAAL, Durbanville",7550
FISH HOEK,7975
FISH RIVER,5883
FISHER'S HILL Boxes,1408
"FISHER'S HILL, Germiston",1401
FISHERHAVEN,7200
"FLAGSTAFF (Monday,Wednesday & Friday)",4810
FLAGSTAFF (Serviced out of ELS only Fridays),4810
"FLAMBOYANT PARK, Queensburg",4093
"FLAMINGO HEIGHTS, Tongaat",4400
"FLAMINGO PARK, Welkom",9459
"FLAMINGO VILLAGE, Milnerton",7441
"FLAMINGOVLEI, Table View",7441
FLAMWOOD Boxes,2572
"FLAMWOOD, Klerksdorp",2570
"FLEURDAL, Bloemfontein",9301
"FLEURHOF, Florida",1709
"FLIMIEDA, Klerksdorp",2570
"FLINTDALE Est/Lgd, Southfield",7800
"FLOORS, Kimberley",8301
"FLORA FARM, THORN PARK, East London",5241
"FLORA GARDENS, Vanderbijlpark",1911
"FLORA PARK Ext/Uit 3,",2430
"FLORA PARK, Upington",8800
"FLORA, Bloemfontein",9301
"FLORACLIFFE, Florida",1709
"FLORAPARK, Pietersburg",0699
"FLORAPARK, Tzaneen",0850
"FLORAUNA, Pretoria",0182
"FLORENTIA, Alberton",1449
FLOREX Boxes,1714
"FLOREX, Florida",1709
"FLORIAN PARK, Worcester",6850
FLORIANVILLE Boxes,8320
"FLORIANVILLE, Kimberley",8301
FLORIDA,1709
FLORIDA Boxes,1710
"FLORIDA Est/Lgd, Ravensme",7490
"FLORIDA Ext/Uit 3 & 11,",1709
"FLORIDA Ext/Uit, Florida",1709
"FLORIDA GLEN, Florida",1709
FLORIDA HILLS & Ext/Uit 2,1709
FLORIDA HILLS Boxes,1716
"FLORIDA LAKE, Florida",1709
"FLORIDA MEER, Florida",1709
"FLORIDA NORTH, Florida",1709
"FLORIDA PARK, Florida",1709
"FLORIDA ROAD, DURBAN",4019
FLORIDA Streets,1709
"FLORIDA VIEW, Florida",1709
"FLORIDA-NOORD, Florida",1709
"FLORIDAWEG, DURBAN",4019
"FLORODALE, Durbanville",7550
FOCHVILLE,2515
FONDWE (Tuesday & Thursday Only),0969
FONTAINEBLEAU,2032
"FONTAINEBLEAU, Randburg",2194
FONTEINRIET Boxes,1464
"FONTEINRIET, Boksburg",1459
"FORBES, Athlone",7764
"FORBESDALE, Johannesburg",2192
"FORDERVILLE, Estcourt",3310
FORDSBURG Boxes,2033
"FORDSBURG, Johannesburg",2092
"FORDVILLE, New Brighton",6200
"FORESHORE, Cape Town",8001
"FOREST GLADE, Tokai",7785
"FOREST HAVEN, Durban",4051
"FOREST HILL, Johannesburg",2190
"FOREST HILL, Port Elizabeth/ Gqeberha",6001
"FOREST HILLS, Pinetown",3610
"FOREST TOWN, Johannesburg",2193
"FOREST VILLAGE, Eersteriver",7100
"FORMAIN, Johannesburg",2090
FORT BEAUFORT - Port Elizabeth,5720
FORT BEAUFORT - Port Elizabeth,5720
"FORT GALE, Mthatha",5100
FORT JACKSON,9996
"FOSA, Durban",4051
FOUNDERS HILL,1609
"FOUNDERS VIEW, Edenvale",1609
"FOUNTAIN VILLAGE, Eersterfontein",7100
"FOUR FEET FARM, Dalton",3470
FOURIES POULTRY FARM,2520
FOURIESBURG (Serviced out of Bethlehem),9725
FOURIESRUS,0024
FOURWAYS,2055
"FOURWAYS GARDENS, FOURWAYS",2191
"FOURWAYS, BRYANSTON",2191
"FRAMESBY & Ext/Uit, Port Elizabeth",6045
"FRAMESBY Ext/Uit 1, Port Elizabeth",6045
"FRAMTON, Johannesburg",2091
FRANCE - Other Areas,Z006
FRANCE - Paris,Z005
"FRANCIS EVATT PARK, Port Elizabeth",6025
"FRANKENWALD, Sandton",2090
FRANKFORT (Serviced out of Bethlehem),9830
"FRANKLIN (Monday,Wednesday & Friday)",4610
"FRANKLIN, Johannesburg",2195
FRANSCHHOEK,7690
FRANSKRAAL,7220
"FRANSVILLE, Witbank/Emalahleni",1034
FRASER'S CAMP,6152
FRASERBURG (Monday & Thursday),6960
"FREDERIKSTAD/STA, Boskop",2528
FREEMANVILLE Boxes,2573
"FREEMANVILLE, Klerksdorp",2570
"FREEWAY PARK & Ext/Uit 1,",1459
FRENCH GUIANA,Z009
FRENCH POLYNESIA,Z009
"FRERE Est/Lgd, Rondebosch",7780
"FRESNAYE, Cape Town",8001
FRIEDENHEIM,1200
FRIEMERSHEIM (Monday & Wednesdy),6526
"FRIERSDALE (Monday,Wednesday& Friday)",8861
"FROGGY POND, Simonstad",7995
"FROGMORE Est/Lgd, Retreat",7785
FRYLINCKSPAN (Special Only),8466
FULLARTON,6681
"FULLERS BAY, East London",5201
FUMANI  (Tuesday & Thursday Only),0937
"FUTURA & Ext/Uit 18, Pietersburg",0699
FYNNLAND,4020
"FYNNLAND, Durban",4052
GA MAKANYE,0728
"GA MOGOTHLANE, Zebediela",0627
"GA MOLEPO, Polokwane",0700
GA TISANA,1064
"GA-MANKOPANE ( Mon, Wed & Fri only)",0739
"GA-MAPODILE, Steelpoort",1133
GA-MASHA NGWAABE VILLAGE,1058
"GA-MASHA VILLAGE, Groblersdal",0470
GA-MOLEPANE,1085
"GA-WALLY, Tzaneen",0850
GABON - Libreville,Z008
GABON - Other Areas,Z008
GABON - Port Gentil,Z008
GADIKGALE,0721
GAKGAPANE (Tues & Thurs Only),0838
GALEBELO,0615
GALEDWABA,0737
GALEHEATH,4021
GALESHEWE Boxes,8330
"GALESHEWE VILLAGE, Mankurawane",8345
"GALESHEWE, Mankurwane",8345
"GALLEON Est/Lgd, Milnerton",7441
GALLO MANOR,2052
GALLO MANOR Boxes,2052
"GALLO MANOR Ext/Uit 3, Wendywood",2148
GALUKA,0322
GAMADIBA,0626
GAMALAKHE (Special Trip to be arranged- DUR),4249
GAMALAPILE (Tuesdays Only),0774
GAMAMABOLO,0742
GAMARABA,0705
GAMAROTA,1151
"GAMASHAMOTHANE, Burgersfort",1150
"GAMATLALA, Bakone  (Wednesday Only)",0746
GAMBIA,Z007
"GAMBLE, Uitenhage",6241
GAMBLEVILLE,6241
GAMOKGWATI,0861
GAMOLOI,1085
GAMOLOI (Monday & Wednesday's),1061
GAMONYEKI,0552
GAMOTHAPO,0734
GAMOTHIBA,0726
GAMOTHIPA,0726
GAMPHAHLELE,0736
GAMTOOS,6360
GANCHABELENG,1124
GANKOANA,1124
GANKWANA,0740
GANS BAY,7220
GANSBAAI,7220
GANSPAN,8552
GANTATELENG,8460
GANYESA,8613
GARAGAMS,8223
GARAKGWADI,1068
GARAMOKGOPA (Tuesday & Thursday Only),0811
GARAMOSHWANE (Monday & Wednesday Only),0715
GARANKUWA,0208
"GARDEN CITY, Milnerton",7441
GARDEN VIEW,2047
"GARDEN VILLAGE, Daveyton",1507
"GARDEN VILLAGE, Maitland",7405
"GARDEN VILLAGE, Somerset",7130
"GARDENIA PARK, Bloemfontein",9301
"GARDENS, Cape Town",8001
"GARDENS, Johannesburg",2192
GARIEP,5982
"GARIEPWATER, Grootdrink  (Thursday Only)",8822
GARIES,8220
"GARLANDDALE, Lansdowne",7780
"GARLMORE, Pinetown",3610
GARSFONTEIN Boxes,0042
"GARSFONTEIN EAST, Pretoria",0042
"GARSFONTEIN WEST, Pretoria",0042
"GARSFONTEIN, Pretoria",0042
"GARSFONTEIN-OOS, Pretoria",0042
"GARSFONTEIN-WES, Pretoria",0042
"GARTHDALE AH, Vereeniging",1871
GASEGONYANA,8480
GASEHUNELO Boxes,9315
"GASEHUNELO, Bloemfontein",9323
GASEKGOPO,0802
"GASEKORORO (Mon,Wed,Fri)",0889
"GASOLINE ALLEY, H/HOUSE",A006
"GASOLINE ALLEY, Pretoria",A007
"GASTROW, Strand",7140
"GATELY Tsp/Dgd, East London",5201
GATESVILLE,7764
"GATKOPPIES,Postmasburg",8420
GATLHOSE (Tuesday & Thursday),8461
"GAYDONS, Johannesburg",A008
"GAYLANDS, Constantia",7800
"GAYLEE, Blackheath",7581
"GAZEBO FARM, Bulshoekdam, Clanwilliam",8135
GEDENK,0537
"GEDULD & Ext/Uit, Springs",1559
GEDULD Boxes,1562
"GEDULD Ext/Uit 1, Springs",1559
GEDULDPAN,9468
"GEELHOUTPARK & Uit, Rustenburg",0300
"GEELHOUTPARK Uit 4, Rustenburg",0300
"GELDENHUYS SlHs/Khw, Primrose",1401
GELUKSBURG (Tuesday & Thursday),3377
GELUKSDAL,1546
"GELUKSPAN, Lichtenburg ( Wednesday Only)",2740
GELUKSPRUIT  (Special Only),8812
"GELUKWAARTS,Kroonstad",9499
"GELVAN PARK, Port Elizabeth",6020
GELVANDALE Boxes,6016
"GELVANDALE, Port Elizabeth",6020
"GEMDENE, Kimberley",8301
"GEMSBOK, Bloemfontein",9301
"GEMSBOKHOEK, Middelburg",1050
GEMSBOKSPRUIT,0458
GENADENDAL (Serviced Tues & Thurs Only),7234
"GENERAAL ALBERTSPARK, Alberton",1449
"GENERAAL DE WET, Bloemfontein",9301
"GENERAAL KEMP HEUWEL, Pretoria",0187
"GENEVAFONTEIN, George",6529
GEORGE,6529
GEORGE (Serviced out of PLZ),6529
"GEORGE BOTHAPARK, Ermelo",2350
GEORGE Boxes,6530
GEORGE EAST Boxes,6539
"GEORGE EAST, George",6529
"GEORGE GOCH, Johannesburg",2094
GEORGE-INDUSTRIA Boxes,6536
"GEORGE-INDUSTRIA, George",6529
GEORGE-OOS Busse,6539
"GEORGE-OOS, George",6529
GEORGEDALE,3710
"GEORGETOWN, Germiston",1401
"GEORGEVILLE, Pretoria",0184
"GEORGIA, REPUBLIC OF",Z008
"GEORGINIA, Roodepoort",1724
"GERALD SMITH, Uitenhage",6241
GERDAU (Wednesday Only),2729
"GERDVIEW, Primrose",1401
GERMANY - Dusseldorf,Z005
GERMANY - Frankfurt,Z005
GERMANY - Hamburg,Z005
GERMANY - Munich,Z005
GERMANY - Other Areas,Z006
GERMEX Boxes,1409
"GERMEX, Germiston",1401
GERMISTON,1401
GERMISTON Boxes,1400
"GERMISTON EAST, Germiston",1401
"GERMISTON NORTH, Germiston",1401
GERMISTON SOUTH Boxes,1411
"GERMISTON SOUTH, Germiston",1401
"GERMISTON WEST, Germiston",1401
"GERMISTON-NOORD, Germiston",1401
"GERMISTON-OOS, Germiston",1401
GERMISTON-SUID Busse,1411
"GERMISTON-SUID, Germiston",1401
"GERMISTON-WES, Germiston",1401
"GEVANGENISTERREIN, Kroonstad",9499
"GEVANGENISTERREIN, Pretoria",0002
GEYSDORP (Wednesday Only),2771
"GEZINA, Pretoria",0084
"GEZINSILA, Eshowe",3815
GEZUBUSO,4515
GHANA - Accra,Z007
GHANA - Other Areas,Z008
"GHOLFSIG, Middelburg",1050
"GIBBONSVILLE, Rugby",7405
GIBRALTAR - Gibraltar,Z008
"GIJIMA, Lamontville",4027
GILLITTS (Natal) Boxes,3603
"GILLITTS, Pinetown",3610
"GILLVIEW, Johannesburg",2091
GINGINDLOUV,3800
"GINSBURG, Kingwilliams/ Qonce",5600
GINYINTSIMBI ( Monday only),5080
GIYANI,0826
"GLEBELANDS, Ntokozweni",4066
"GLEEMOOR, Athlone",7764
"GLEN ALPHINE Est/Lgd,Constantia",7800
"GLEN ANIL, Durban",4051
"GLEN ATHOLL, Johannesburg",2090
"GLEN AUSTIN, Halfway House",1685
"GLEN BARRIE, George",6529
GLEN COWIE  (Mondays & Wednesday's Only),1061
"GLEN DONALD, Vereeniging",1935
"GLEN EDEN ESTATE, East London",5259
"GLEN ERASMIA, Kempton Park",1619
"GLEN HARMONY, Virginia",9435
"GLEN HARMONY, Virginia",9430
"GLEN HILLS, Durban",4051
"GLEN HURD, Port Elizabeth",6045
"GLEN IVE, Bellville",7530
"GLEN IVE, Durbanville",7550
"GLEN IVE, Plumstead",7800
"GLEN KAY, Johannesburg",2192
"GLEN LAURISTON, Valhalla",0185
"GLEN LEA, Florida",1709
"GLEN MARAIS & Ext/Uit,",1619
"GLEN MARAIS Ext/Uit 1,",1619
"GLEN MARINA, Simons Town",7975
"GLEN NERINE, Bryanston",2021
"GLENABBOT, Constantia",7800
"GLENADRIENNE, Johannesburg",2196
"GLENANDA NORTH, Johannesburg",2091
"GLENANDA SOUTH, Johannesburg",2091
"GLENANDA, Johannesburg",2091
"GLENANDA-NOORD, Johannesburg",2091
"GLENANDA-SUID, Johannesburg",2091
GLENASHLEY,4051
GLENASHLEY,4022
"GLENCAIRN, SimonsTown",7995
GLENCOE,2930
GLENCONNOR,6234
"GLENDALE Est/Lgd, Plumstead",7945
"GLENDALE Est/Lgd, Stanger/ KwaDukuza",4450
"GLENDALE, Durbanville",7550
"GLENDINNINGVALE, Port Elizabeth/ Gqeberha",6001
"GLENDOWER, Edenvale",1609
GLENEAGLES,2190
"GLENESK, Johannesburg",2190
"GLENFERNESS AH, Midrand",2191
GLENGARIFF,5259
GLENHARVIE,1786
"GLENHAVEN Est/Lgd, Bellville",7530
"GLENHAZEL, Johannesburg",2192
"GLENIFFER, Cramerview",2060
"GLENLILLY Est/Lgd, Parow",7500
"GLENMAAR, Athlone",7764
GLENMILL,4452
"GLENMORE, Durban",4001
"GLENNIE, Durbanville",7550
"GLENPARK, Pinetown",3610
"GLENROY PARK, Port Elizabeth",6025
"GLENSAN, Johannesburg",2192
GLENSIDE,3477
GLENSTANTIA Boxes,0010
"GLENSTANTIA, Pretoria",0010
GLENTANA,6525
"GLENVARLOCH, Nigel",1490
GLENVISTA,2091
GLENVISTA Boxes,2058
"GLENWOOD (PLOTS), Nelspruit",1200
"GLENWOOD, Durban",4001
"GLENWOOD, Pietermaritzburg",3201
"GLENWOOD, Plumstead",7800
GLOSDERRY,7702
"GOEDEBURG & Ext/Uit 3,",1501
"GOEDEDACHT, Kroonstad",9499
"GOEDEHOOP FARM, De Wet Worcester",6853
"GOEDEHOOP, Pretoria",0002
"GOEDEMOED, Durbanville",7550
GOEDVERWAG,7323
GOLD REEF CITY,2159
"GOLDEN ACRE, Cape Town",8001
GOLDEN FRONTIERS CITRUS,1195
"GOLDEN HARVEST, Randburg",2194
GOLDEN VALLEY Cape Town,6849
"GOLDEN VALLEY, Steytlerville",6250
"GOLDWATER, Port Elizabeth",6070
GOLELA (Tuesday & Thursday),3990
"GOLF Est/Lgd, Wynberg",7800
"GOLF LINKS Est/Lgd, Wynberg",7800
"GOLF PARK, Meyerton",1960
"GOLF VIEW AH, Walkerville",1876
"GOLOKODO, Isipingo",4110
GOMPIES (Wednesday Only),0631
"GOMPO TOWN, East London",5209
"GONNAKOP BOERDERY, Patensie",6335
GONUBIE,5256
"GOODHOPE MODEL VILLAGE,",7405
"GOODHOPE VILLAGE, East London",5200
GOODWOOD,7460
"GOODWOOD PARK, Goodwood",7460
"GOODWOOD WEST, Goodwood",7460
"GOODWOOD-WES, Goodwood",7460
GORDON'S BAY,7150
GORDONSBAAI,7150
"GOSFORTH PARK, Rand Airport",1419
GOUDA,6821
GOUDINI ROAD,6856
GOUDINIWEG,6856
GOUDVELD,2507
GOURITSMOND (Tuesday & Thursday),6796
"GOVERNMENT VILLAGE, Benoni",1501
GQEBERHA (PORT ELIZABETH),6001
GRAAFF-REINET,6280
GRAAFWATER,8120
GRABOUW,7160
"GRAHAMDALE, Bellville",7530
GRAHAMSTAD (MAKHANDA),6140
GRAHAMSTOWN (MAKHANDA),6140
"GRAIG FARM, Newcastle",2940
"GRANGE, Pietermaritzburg",3201
GRANGER BAY,8000
GRANT PARK,2051
"GRANTHAM PARK, Empangeni",3880
GRASKOP (Tuesday & Friday Only),1270
GRASMERE,1828
GRASSY PARK Boxes,7888
GRASSY PARK Streets,7785
GRAVELOTTE,0895
"GRAYLEIGH, Westville",3629
GREAT BRAK RIVER,6525
GREECE - Athens,Z005
GREECE - Other Areas,Z007
GREEN POINT,8001
GREEN POINT Boxes,8051
"GREEN POINT, Cape Town",8001
GREENACRES Boxes,6057
"GREENACRES, Port Elizabeth",6045
"GREENBURY, Durban",4051
GREENBUSHES,6390
GREENBUSHES,6390
"GREENFIELD Est/Lgd, Rondebosch",7780
"GREENFIELD, Alberton",1449
"GREENFIELD, Blackheath",7581
GREENFIELDS Boxes,5208
"GREENFIELDS, East London",5201
"GREENHAVEN, Athlone",7764
"GREENHILL VILLAGE, Mitchels Plain",7785
GREENHILLS Boxes,1767
"GREENHILLS, Paarl",7646
"GREENHILLS, Randfontein",1760
GREENLAND,Z009
"GREENOCK PARK, Port Elizabeth",6025
"GREENPOINT, Kimberley",8301
"GREENSHIELDS PARK, Port Elizabeth",6070
"GREENSIDE & Ext/Uit, Johannesburg",2193
GREENSIDE Boxes,2034
"GREENSIDE EAST, Johannesburg",2193
"GREENSIDE, Kimberley",8301
"GREENSIDE-OOS, Johannesburg",2193
GREENSTONE HILL,1616
"GREENSTONE HILL, Edenvale",1609
"GREENSTONE, Edenvale",1609
"GREENVILLE, Darling",7345
"GREENWOOD PARK, Durban",4051
GRENADA,Z009
"GRESSWOLD, Johannesburg",2090
GREYLINGSTAD (Wednesday Only),2415
GREYMONT Boxes,2035
"GREYMONT, Johannesburg",2195
"GREYTON, C/K (Serviced Tuesday's & Thursday  Only)",7233
"GREYTOWN, N",3500
GREYVILLE,4023
"GREYVILLE, Durban",4001
"GREYVILLE, Lenasia",1820
GRIEKWASTAD ( Wednesday Only),8365
"GRIMBEEKPARK, Potchefstroon",2520
GRIQUATOWN (Wednesday Only),8365
GROBLERSBRUG,0621
GROBLERSDAL,0470
GROBLERSHOOP  (Thursday Only),8850
"GROBLERSPARK & Ext/Uit 9,",1724
"GROENDAL, Franschhoek",7690
"GROENENDAL, Bellville",7530
"GROENEWEIDE PARK, George",6529
"GROENEWEIDE, Boksburg",1459
"GROENFONTEIN, Vaalwater ( Mine )",0530
GROENKLOOF Boxes,0027
"GROENKLOOF, Pretoria",0181
"GROENKOL, Middelburg",1050
GROENPUNT Busse,8051
"GROENPUNT, Kaapstad",8001
"GROENVALLEI, Bellville",7530
"GROENVLEI, Bloemfontein",9338
"GROENVLEI, Lansdowne",7780
"GROENVLEI, Paarl",7646
GROOT MARICO,2850
GROOT-BRAKRIVIER,6525
GROOT-DRAKENSTEIN,7680
GROOT-JONGENSFONTEIN Tuesday & Thursday only),6786
GROOTBRAKRIVER,6525
GROOTDERM,8291
GROOTDRIF,8172
GROOTDRINK  (Thursday Only),8822
GROOTE SCHUUR Boxes,7937
"GROOTE SCHUUR HOSPITAL, O",7925
"GROOTE SCHUURHOSPITAAL, O",7925
GROOTHOEKHOSPITAAL,0628
GROOTPAN,0718
GROOTSPRUIT,3181
GROOTVLEI,2420
"GROOTVLEI, Bloemfontein",9301
"GROOTVLEI, Pyramid",0120
"GROOTVLEI, Springs",1559
"GROSVENOR, Durban",4052
GROTTO BAY,7441
GROUTVILLE,4449
"GROVE END, Durban",4051
"GROVEDALE, Hoedspruit",1380
GUADELOUPE,Z009
GUAM,Z008
GUATEMALA - Guatemala City,Z008
GUERNSEY,Z005
GUGULETU,7750
GUINEA - Conakry,Z008
GUINEA BISSEAU,Z008
GULU PRIVATE RESORT,5200
GUMTREE  (Special Only),9731
"GUWELA, Giyani",0826
GUYANA,Z009
"GWAYANG BERGSIG, George",6529
"Gravity Images, Zuurfontein Vanderbijlpark",1911
HA-TSHIKOTA-A,0920
HAARLEM,6467
"HAASENDAL, Cape Town",7580
"HAASKRAAL, Potchefstroom",2531
"HADDISON PARK, Kimberley",8301
"HADDISON Park, Kimberley",8306
"HADDON, Johannesburg",2190
HADISON PARK Boxes,8306
"HADISON PARK, Kimberley",8301
HAENERTSBURG,0730
HAGA-HAGA ( Tuesday & Friday Only),5272
HAITI,Z009
"HAKDOORINGLAAGTE, Pyramid",0120
HALCYON DRIFT,5483
HALFMANSHOF,6811
HALFWAY HOUSE,1685
"HALFWAY HOUSE Ext/Uit 2,",1685
"HALLGATE, Nigel",1490
HAMANAVHELA,0952
HAMASHAMBA  (Tuesday & Thursday Only),0942
"HAMBANATI, Tongaat",4400
HAMBERG Boxes,1726
"HAMBERG, Roodepoort",1724
"HAMBURG, Eastern Cape (Special Trip)",5641
"HAMILTON Est/Lgd, Eersterfontein",7100
"HAMILTON, Bloemfontein",9301
HAMMANSKRAAL,0401
HAMMARSDALE,3700
"HAMPTON Est/Lgd, Lansdown",7780
"HANI PARK, Welkom",9473
"HANI PARK, Welkom",9473
HANKEY,6350
HANOVER (Tuesday & Saturday Only),5960
HANOVER PARK Boxes,7782
"HANOVER PARK, Athlone",7780
HANTAM Boxes,8191
"HANTAM, Calvinia",8190
"HAPPY VALLEY, De Aar",7000
"HAPPY VALLEY, Durban",4052
HARAMOSA,2516
"HARARE, Khayelitsha",7784
HARBOUR ISLAND,7140
HARBURG,3479
HARDALE (Special Trip),5481
"HARDEVLEI, Retreat",7785
"HARDING (Monday, Wednesday & Friday)",4680
"HARDWICK Est/Lgd,Newlands",7700
"HARFIELD VILLAGE, Claremont",7700
"HARINAGAR, Queensburgh",4093
HARKERVILLE,6604
HARMELIA & Ext/Uit 1 & 11,1406
"HARMELIA, Edenvale (Tvl)",1609
"HARMONIE, Burgersdorp",5520
"HAROLD'S BAY, George",6615
HARRISMITH,9880
HARRISMITH (Serviced out of Bethlehem),9881
HARRISON,3680
"HARROGATE PLASTICS, Benoni",1501
"HARTBEESFONTEIN, Klerksdorp",2600
"HARTBEESHOEK, Pretoria",0182
HARTBEESPOORT,0216
"HARTEBEESFONTEIN, Brits",0250
"HARTEBEESFONTEIN, Mamaila (Special Trip & Add Char",0814
HARTEBEESLAAGTE FARM,2230
HARTENBOS,6520
"HARTENBOSHEUWELS, Mosselbay",6520
HARTFONTEIN,0001
HARTLAND,3184
HARTSVALLEI,8534
HARTSWATER (Serviced out of Kimberley),8570
HATFIELD,0083
HATFIELD Boxes,0028
HATTINGSPRUIT ( Wednesdays Only),3081
"HATTON Est/Lgd, Athlone",7764
"HATTON Est/Lgd, Pinetown",3610
"HAUPTVILLE, Constantia",7800
"HAVEN HILLS, East London",5247
"HAVENSIDE, Durban",4092
HAWAAN,4319
"HAWKINS Est/Lgd, Johannesburg",2192
HAWSTON,7202
"HAWTHORNE Est/Lgd, Retreat",7785
"HAY PADDOCK, Pietermaritzberg",3201
"HAYFIELDS, Pietermaritzburg",3201
"HAZELDENE, Germiston",1401
"HAZELMERE, Pietermaritzburg",3201
"HAZELWOOD, Pretoria",0081
"HAZELWOOD, uMzinto",4200
"HAZENDAL Est/Lgd, Athlone",7764
HAZENJACHT,6627
HAZYVIEW,1242
"HEATH PARK, Saltville",6059
"HEATHER PARK, George",6529
"HEATHER VIEW, Pretoria",0182
"HEATHERLANDS, George",6529
"HEATHERLEY Est/Lgd, Lansdowne",7780
"HEATHFIELD, Retreat",7785
HEATLIEVALE,6851
HEATONVILLE,3881
"HEAVY INDUSTRIAL AREA, Phalaborwa",1390
HEBRON,0193
HECTORSPRUIT (EMJEJANE),1330
"HECTORTON, Randfontein",1760
HEIDEDAL,9306
"HEIDEKOPPIE, Brackenfell",7560
HEIDELBERG (GAUTENG),1410
HEIDELBERG (GEORGE / SOUTHERN CAPE) ( Tues & Thurs,6665
"HEIDERAND, MosselBay",6500
"HEIDEVELD, Athlone",7764
HEILBRON (Serviced out of Bethlehem),9650
HEKPOORT,2800
HELDERBERG Boxes,7135
"HELDERBERG, Somerset West",7130
"HELDERKRUIN & Ext/Uit 2,",1724
HELDERKRUIN Boxes,1733
"HELDERRANT, Somerset West",7130
"HELDERVIEW, Somerset West",7130
"HELDERZICHT, Somerset West",7130
"HELENA HOOGTE, Somerset West",7130
"HELENVALE, Port Elizabeth",6020
"HELIKONHOOGTE, Bloemfontein",9301
"HELIKONPARK, Randfontein",1760
HELLING,2036
HENBYL Boxes,1903
"HENBYL, Vanderbijlpark",1911
HENDRINA (Tues & Thurs Only),1095
HENLEY ON KLIP,1962
HENNENMAN,9445
HENNENMAN (Serviced out WEL),9445
HENNOPSMEER Boxes,0046
"HENNOPSMEER, Verwoerdburg",0157
HENNOPSPARK,0157
"HENNOPSPARK & Ext/Uit 1,",0157
"HENVILLE, Germiston",1406
HERBERTSDALE (Tuesday & Thursday Only),6505
HERCULES Boxes,0030
"HERCULES, Pretoria",0082
"HEREFORD, Groblersdal",0470
"HERIOTDALE, Johannesburg",2094
"HERLEAR, Kimberley",8301
HERMANNSBURG,3508
"HERMANSTAD, Pretoria",0082
HERMANUS,7200
"HERMINA, Westonaria",1788
HERMON,6802
HEROLDS BAY,6615
"HEROLDVILLE, Johannesburg",2197
HERSCHEL  (Special Only),9761
HERTZOGVILLE ( Tuesday & Thursday),2690
HERZLIA,8006
"HESTIAPARK, Karenpark",0118
HET KRUIS (Tuesday's & Thursday Only),8100
"HEUNINGKLIP, Krugersdorp",1739
HEUNINGNESKLOOF,8715
HEUNINGSPRUIT  (Special Only),9505
"HEUWELKRUIN, Port Elizabeth",6220
"HEUWELOORD, Wierdapark",0149
"HEUWELSIG, Bloemfontein",9301
"HEUWELSIG, Kimberley",8301
HEX RIVER (Tuesday's & Thursday Only),6855
HEXRIVIER (Tuesday's & Thursday Only),6855
HIBBERDENE,4220
"HIDDINGH Est/Lgd,Newlands",7700
"HIGGOVALE, Cape Town",8001
"HIGH PLACES, Durbanville",7550
"HIGH PLACES, Eersterivier",7100
"HIGHBURY, Kuilsrivier",7580
"HIGHBURY, Meyerton",1962
"HIGHFLATS (Monday, Wednesday & Friday)",4640
"HIGHGATE, East London",5247
"HIGHGATE, Eersterivier",7100
HIGHGOLD,2281
"HIGHLANDS Est/Lgd, Cape Town",8001
"HIGHLANDS HILL, Pinetown",3610
"HIGHLANDS NORTH & Ext,",2192
HIGHLANDS NORTH Boxes,2037
"HIGHLANDS NORTH Ext 1,",2192
"HIGHLANDS, Johannesburg",2198
"HIGHLANDS-NOORD & Uit,",2192
HIGHLANDS-NOORD Busse,2037
"HIGHLANDS-NOORD Uit 1,",2192
"HIGHVELD PARK, Witbank/ Emalahleni",1035
"HIGHVELD, Centurion",0157
"HIGHWAY GARDENS, Edenvale",1609
"HIGHWAY PARK, Cape Town",7405
HILDASIA,5284
"HILL Ext/Uit, Johannesburg",2197
"HILL SIXTY, Grahamstown/ Makhanda",6140
HILLARY,4024
"HILLARY, Durban",4094
HILLBROW Boxes,2038
"HILLBROW, Johannesburg",2001
HILLCREST (Natal) Boxes,3650
"HILLCREST PARK, Pinetown",3610
"HILLCREST, Blue Downs",7100
"HILLCREST, Kimberley",8301
"HILLCREST, Mthatha",5119
"HILLCREST, Pinetown",3610
"HILLCREST, Pretoria",0083
"HILLCREST, Putfontein",1513
"HILLCREST, Wellington",7655
"HILLDENE, Hillcrest",3610
"HILLGROVE, Newlands West",4037
"HILLRISE, Bellville",7530
"HILLSBORO, Bloemfontein",9301
"HILLSHAVEN, Westonaria",1789
"HILLSIDE Ext/Uit 41 & 42,",8800
"HILLSIDE FARM, Knysna",6570
"HILLSIDE, Beaufort West (Mon, Wed, Fri)",6970
"HILLSIDE, Bloemfontein",9301
"HILLSIDE, Kocksvlei",1764
"HILLSIDE, Port Elizabeth",6059
"HILLSIDE, Retreat",7785
"HILLVIEW, Eersterivier",7100
"HILLVIEW, Germiston",1401
"HILTON, Aliwal North ( Monday's & Thursday Only)",5530
"HILTON, Bloemfontein",9301
"HILTON, Pietermaritzburg",3245
"HILTON, Pietermaritzburg",3245
HIMEVILLE,4585
"HINDLE PARK, Eersterivier",7100
"HINDLE PARK, Kuilsrivier",7580
"HIPPOMERE, Durban",4001
HLABISA,3937
HLANGANANI,0943
HLOBANE,3145
HLUHLUWE,3960
"HLUKU (Monday, Wednesday & Friday)",4688
HLUVUKANI (48 Hours),1363
"HOBHOUSE  (Tues, Wed & Fri)",9740
"HOEDSPRUIT (Mon, Wed & Fri)",1380
"HOEKPLAAS, Erasmia",0183
HOEKWIL,6538
HOEVELDRIF,2305
HOEVELDRIF Boxes,2305
HOFMEYER,5930
HOGSBACK (Tuesday & Thursday Only),5721
"HOHEIZEN, Bellville",7530
"HOHENORT, Constantia",7800
HOHOZA,3018
HOLDINGS,9472
"HOLLAND PARK, Port Elizabeth/ Gqeberha",6001
HOLMDENE,2432
HOLPAN (Wednesday Only),8505
"HOMELAKE, Randfontein",1760
"HOMELANDS, Vereeniging",1871
"HOMER, Vereeniging",1939
"HOMES HAVEN, Krugersdorp",1739
HOMESTEAD APPLE ORCHARDS,1876
HOMESTEAD Boxes,1412
"HOMESTEAD PARK, Johannesburg",2092
"HOMESTEAD, Germiston",1401
"HOMESTEAD, Kimberley",8301
"HOMEVALE, Kimberley",8301
HONDEKLIP BAY,8222
HONDEKLIPBAAI,8222
HONDURAS - Other Areas,Z008
HONDURAS - Tegucigalpa,Z008
HONEYDEW,2040
"HONEYHILLS, Roodepoort",1724
HONG KONG - Hong Kong,Z004
"HOOFSTRAAT, PAARL",7622
"HOOG EN DROOG, Paarl",7646
"HOOGSTEDE, Brackenfell",7560
HOOPSTAD (OFS/OVS),2670
HOPEFIELD,7355
HOPETOWN,8750
HOPEWELL (2 Day Service),3200
"HORISON & Ext/Uit, Roodeport",1724
"HORISONPARK, Roodepoort",1724
"HORIZON VIEW, Roodepoort",1724
HORNLEE Boxes,6583
"HORNLEE, Knysna",6570
"HOSPITAALHEUWEL, Bethlehem",9700
"HOSPITAALPARK, Bloemfontein",9301
"HOSPITAALPARK, Ladysmith",3370
"HOSPITAALPARK, Odendaalsrus",9480
"HOSPITAALPARK, Pietersburg",0699
"HOSPITAL HILL, Beaufort West (Mon, Wed, Fri)",6970
"HOSPITAL HILL, Johannesburg",2001
"HOSPITAL PARK, Worcester",6850
HOTAZEL (Monday & Wednesday),8490
HOUGHTON Boxes,2041
"HOUGHTON Est/Lgd, Johannesburg",2198
"HOUGHTON, Johannesburg",2198
HOUT BAY,7801
HOUT BAY Boxes,7872
"HOUT BAY HEIGHTS Est, Hout Bay",7801
HOUTBAAI Busse,7872
"HOUTBAAI HEIGHTS Lgd, HoutBay",7801
HOUTBAAI Strate,7801
HOUTBOSDORP (Monday Only),0725
HOWARD PLACE,7450
"HOWARDENE, Durban",4001
HOWICK,3290
"HOWICK-WEST, Howick",3290
"HOY Tsp/Dgd, Port Elizabeth/ Gqeberha",6001
HUGENOOT Busse,7645
HUGENOOT Strate,7646
"HUGHES, Boksburg",1459
HUGUENOT Boxes,7645
HUGUENOT Streets,7646
"HUHUDI, Vryburg (Serviced out of BFN)",8601
"HUHUDI, Vryburg (Serviced out of JNB)",8601
HUMANSDORP (OTHER),6300
"HUMERAIL, Port Elizabeth/ Gqeberha",6001
"HUMEWOOD & Ext/Uit,Port Elizabeth/ Gqeberha",6001
HUMEWOOD Boxes,6013
HUNGARY - Budapest,Z007
HUNGARY - Other Areas,Z008
"HUNTERS HILL, Randburg",2194
"HUNTERS RETREAT, Port Elizabeth",6017
"HURL PARK, Johannesburg",2196
"HURLEY Est/Lgd, Mowbray",7700
"HURLINGHAM & Ext/Uit 5,",2196
"HURLINGHAM GARDEN, Johannesburg",2196
"HURLINGHAM MANOR, Johannesburg",2196
HURLYVALE Boxes,1611
"HURLYVALE, Edenvale (Tvl)",1609
"HURSTHILL, Johannesburg",2092
HUTCHINSON,7080
"HUTTENHOOGTE, Newcastle",2956
"HYDE PARK, Johannesburg",2196
"HYDE PARK, Ladysmith",3370
"IBAXA, Tembisa",1628
"IBHAYI, Port Elizabeth",6201
"IBIKA, Butterworth",4960
ICELAND - Reykjavik,Z008
IDA,5446
IDASVALLEI Boxes,7609
"IDASVALLEI, Stellenbosch",7600
IDUTYWA (DUTYWA),5000
IFAFA BEACH,4185
IFAFI Boxes,0260
"IFAFI, Hartbeespoort",0260
"IKAGENG, Mamelodi",0122
"IKAGENG, Potchefstroom",2520
"IKHUTSENG, Warrenton (Tuesday & Thursday)",8530
"IKWEZI PARK, Khayelitsha",7784
"IKWEZI, Mthatha",5100
"ILINGE, Queenstown",5320
"ILITHA PARK, Khayelitsha",7784
"ILLIONDALE, Edenvale",1609
ILLOVO (Natal) Boxes,4150
ILLOVO BEACH Boxes,4155
"ILLOVO BEACH, Amanzimtoti",4126
"ILLOVO GLEN, Amanzimtoti",4126
"ILLOVO, Amanzimtoti",4126
"ILLOVO, Johannesburg",2196
"IMBALI, Pietermaritzburg",3201
"IMBIZO PLACE, Nelspruit",1200
IMBONGOZI,1333
IMBONINI PARK,4381
"IMFOLOZI PARK, Hluhluwe",3960
"IMIZAMO, Constantia",7806
"IMPALA PARK, Potgietersrus (Mokopane)",0600
IMPALAPARK Boxes,1472
"IMPALAPARK, Boksburg",1459
IMPENDLE (Special Trip) (Tuesday & Thursday),4545
"INADAN, Johannesburg",2196
INANDA (Ntl),4310
"INANDA, Johannesburg",2196
"INANDAS, Johannesburg",2196
INCHANGA,3670
INDERMARK,0717
INDIA - Mumbai,Z007
INDIA - New Delhi,Z007
INDIA - Other Areas,Z007
INDONESIA - Jakarta,Z008
INDONESIA - Other Areas,Z008
"INDUSTRI#LE GEBIED, Pretoria",0183
INDUSTRIA Boxes,2042
"INDUSTRIA NORTH, Florida",1709
"INDUSTRIA NORTH, Maraisburg",1709
"INDUSTRIA WEST, Johannesburg",2093
"INDUSTRIA, Athlone",7764
"INDUSTRIA, Johannesburg",2093
"INDUSTRIA, Polokwane",0699
"INDUSTRIA, Welkom",9459
"INDUSTRIA, Welkom",9459
"INDUSTRIA-NOORD, Florida",1709
"INDUSTRIA-NOORD, Maraisburg",1709
"INDUSTRIA-WES, Johannesburg",2093
"INDUSTRIAL AREA, Lichtenburg",2740
"INDUSTRIAL AREA, Pretoria",0183
"INDUSTRIAL AREA, Welkom",9459
"INDUSTRIELE GEBIED, Lichtenburg",2740
"INDUSTRIELE GEBIED, Plettenberg Bay",6600
"INDUSTRIELE GEBIED, Welkom",9459
"INDUSTRIES EAST, Germiston",1401
"INDUSTRIES WEST, Germiston",1401
"INDUSTRIES-OOS, Germiston",1401
"INDUSTRIES-WES, Germiston",1401
INDWE,5445
INGOGO,2944
INGQAYIZIVELE,2957
INGWAVUMA,3968
INNESDALE,0031
"INNESFREE Est/Lgd, Gatesville",7764
"INTABAZWE, Harrismith",9880
INTULISO,2561
"INYALA PARK, Empangeni",3880
"INYANGA, Randburg",2194
"IPELEGENG, Schweizer-Rene (Mon,Wed & Frid)",2780
"IPELENG, Kimberley",8345
"IPOPENG, Fauresmith (Thursday Only)",9978
"IPOPENG, Galeshewe",8330
IRAN - Other Areas,Z000
IRAN - Tehran,Z000
IRELAND - Dublin,Z006
IRELAND - Other Areas,Z006
IRENE,0062
"IRENEPARK, Klerksdorp",2570
"IRON RIVER, LEAGLEN FLORIDA",A009
"IRONDALE, DE DEUR",1884
ISANDO,1600
"ISANDOVALE, Edenvale",1609
ISIPINGO,4110
ISIPINGO BEACH,4115
"ISIPINGO HILLS, Isipingo",4110
ISITHEBE,4490
"ISLAND VIEW, Durban",4052
ISLE OF MAN - Douglas,Z006
ISRAEL - Other Areas,Z007
ISRAEL - Tel Aviv,Z005
"ISWEPE (Monday, Thursday & Friday)",2382
ITALY - Milan,Z005
ITALY - Other Areas,Z007
ITALY - Rome,Z005
"ITSOKOLELE, Matatiele (Monday, Wednesday & Friday)",4730
ITSOSENG,2743
IVORY COAST - Abidjan,Z007
IVORY COAST - Other Areas,Z008
"IVORY PARK, Midrand",1632
"IVY PARK, Pietersburg",0699
"IVY PARK, Pinetown",3610
"IVYDALE, Pietersburg",0699
"IVYDALE, Polokwane",0699
"IXOPO (Monday,Wednesday & Friday)",4630
IZINGOLWENI,4260
IZOTSHA,4242
IiMBALI,4503
"JABAVU, Pimville",1808
"JABULANI & Ext/Uit 2, kwaXuma",1868
"JABULANI Ext/Uit 2, kwaXuma",1868
"JABULANI HOSTEL, kwaXuma",1868
"JABULANI SOUTH, kwaXuma",1868
"JABULANI-SUID, kwaXuma",1868
"JACANLEE, Randburg",2194
"JACKROO PLOTS, Witbank/Emalahleni",1034
"JACKSONVILLE, Bethelsdorp",6059
JACOBS,4052
JACOBS,4026
JACOBS BAY,7395
JACOBSBAAI,7395
"JACOBSDAL, Free State",8710
"JACOBSDAL, North West",2866
"JACOBSPARK, Boksburg",1459
JAGERSFONTEIN (Thursday Only),9974
JAGERSRUST (Tuesday & Thursday),3354
"JAGTERSHOF, Kuilsriver",7580
JAMAICA,Z009
"JAMBA BOERDERY, Kalkfontein Polokwane",0699
"JAMESON PARK, Nigel",1492
JAMESON'S DRIFT,3553
"JAMESTOWN, Aliwal North",5510
"JAMESTOWN, Stellenbosch",7600
"JAN CILLIERSPARK, Welkom",9459
"JAN HOFMEYER, Johannesburg",2092
JAN KEMPDORP,8550
"JAN NIEMANDPARK, Pretoria",0186
JAN SMUTS AIRPORT,1627
JAN SMUTSLUGHAWE,1627
"JAN SMUTSVILLE, Boksburg",1459
"JANALET, Pietersburg",0699
JANE FURSE,1085
JANE FURSE HOSPITAL,1085
"JANSENDAL, Uitenhage/ Kariega",6230
"JANSENPARK, Boksburg",1459
JANSENVILLE,6265
JAPAN - Tokyo,Z007
JAPAN -Other Areas,Z008
"JARMAN Tsp/Dgd, Port Elizabeth",6020
JATNIEL,1509
JAYCO CONSTRUCTION,1240
JEFFREY'S BAY (OTHER),6330
JEFFREYSBAAI (OTHER),6330
JEPPESTOWN Boxes,2043
"JEPPESTOWN, Johannesburg",2094
JERSEY,Z005
JET PARK,1459
"JIM FOUCHEPARK, Welkom",9459
JINDAL KIEPERSOL MINING ( Monday Only),1241
"JOANSVILLE PARK, Bergvliet",7785
"JOE SLOVO, Port Elizabeth",6203
JOHANNESBURG CBD,2001
"JOHANNESBURG NORTH, Jukskeipark",2153
"JOHANNESBURG-NOORD, Jukskiepark",2153
"JOHN VORSTERPARK, Ermelo",2350
JOHNSON'S POST,6504
"JOLIVET (Monday, Wednesday & Friday)",4205
"JONES Est/Lgd, Plumstead",7800
JONGENSFONTEIN ( Tuesday & Thursday only),6786
"JOOSTENBERGVLAKTE, Kraaifontein",7570
"JOOSTENVILLE, Bellville",7530
"JORDAANPARK, Heidelberg",2400
JORDAN - Amman,Z008
JORDAN - Other Areas,Z008
"JORDANIA, Bethlehem",9700
"JORDANIA, Kroonstad",9499
JORVEN,9700
JOUBERTINA,6410
JOUBERTON,2574
"JOUBERTON Ext/Uit 6, Jouberton",2574
"JOUBERTON Tsp/Dgd, Jouberton",2574
JOUBERTPARK Boxes,2044
"JOUBERTPARK, Bellville",7530
"JOUBERTPARK, Johannesburg",2001
"JOZA, Grahamstown (Makhanda)",6139
JOZINI,3969
"JUBA PARK, Volksrust ( Mon, Wed, Fri)",2470
"JUDITH'S PAARL, Johannesberg",2094
JUKSKEIPARK Boxes,2153
"JUKSKEIPARK, Randburg",2153
"JULES STREET, JOHANNESBURG",2046
"JULESSTRAAT, JOHANNESBURG",2046
"JULISA PARK, Johannesburg",2001
"JUNCTION HILL, Germiston",1401
JUNO,0748
"JUPITER, Johannesburg",2094
KA-MPAKANI,0850
"KA-Mahonisi, Polokwane",0700
"KA-XITLHLELANI, Limpopo",0982
KAALFONTEIN,1632
"KAALFONTEIN,",1632
KAAP DIE GOEIE HOOP NATUU,7995
KAAPMUIDEN,1295
KAAPSEHOOP (Wednesday Only),1203
KAAPSTAD Busse,8000
KAAPSTAD Strate,8001
"KAAPZICHT, Parow",7500
"KABAH, Uitenhage/ Kariega",6230
"KABEGA Ext/Uit, Port Elizabeth",6025
"KABEGA PARK, Port Elizabeth",6025
KABOKWENI,1245
KADZUMERI,0833
KAFFERRIVIER (Special Only),9900
"KAFFERSKRAAL, Klerksdorp",2571
KAFFIR RIVER  (Special Only),9900
KAGISANONG Boxes,9309
"KAGISANONG, Bloemfontein",9323
KAGISO,1744
"KAGISO 1 & 2, Kagiso",1744
KAGUNG,8460
KAIZEN IN-HOUSE (CROWN MINES),A011
"KAKAMAS (Monday,Wednesday & Friday)",8870
"KALA (CALA) (Tuesday's,Wednesday & Friday Only)",5455
"KALAMUNDA, Somerset West",7130
KALBASKRAAL,7302
KALK BAY Boxes,7990
"KALK BAY, Fish Hoek",7975
KALKBAAI Busse,7990
"KALKBAAI, Vishoek",7975
KALKBANK (Tuesday & Thursday Only),0713
KALKKUIL,9481
KALKSPRUIT,0705
"KALKSTEENFONTEIN,",7490
"KALWENI HEIGHTS, Durban",4051
"KAMAGUGU, Nelspruit",1200
KAMAJOSI,0933
KAMAQHEKEZA (Special Trip) Wednesday & Friday Only,1379
KAMBERG,3300
KAMEEL (Wednesday Only),8603
"KAMEELDRIFT EAST, Pretoria",0035
"KAMEELDRIFT EAST, Pretoria",0035
"KAMEELDRIFT, Brits",0250
"KAMEELFONTEIN, Pretoria",0035
KAMEELRIVIER,0472
KAMEELSDRIFT,0151
KAMHLUSHWA (Wednesday & Friday Only),1333
KAMIESBERG,8261
KAMIESKROON,8241
"KAMMA PARK, Port Elizabeth",6070
"KAMMA RIDGE, Port Elizabeth",6025
KAMPERSRUS(Tuesday & Thursday Only),1371
KAMPSBAAI Busse,8040
"KAMPSBAAI, Kaapstad",8001
"KANANA ( Monday, Wednesday & Fri Only)",0320
"KANANA, Orkney",2620
"KANONBERG, Cape Town",7530
"KANONEILAND (Monday,Wednesday & Friday)",8806
"KANONIERSPARK, Potchefstroon",2520
"KANONKOP, Middelburg",1050
KANYAMAZANE,1214
"KAPICO, POLOKWANE",A012
"KAPICO, PRETORIA",A013
"KAPICO, SELBY",A014
"KAPTEINSBAAI, Melkbosstrand",7441
KARATARA,6580
KAREEDOUW,6463
"KAREEVILLE, De Aar",7000
KARENPARK Boxes,0118
"KARENPARK, Pretoria",0118
KARIEGA (UITENHAGE),6230
"KARINDAL, Stellenbosch",7600
KARINO,1204
"KARKLOOF, Howick",3290
KARL BREMER,7531
"KARL BREMER HOSPITAL, Belville",7530
"KARL BREMERHOSPITAAL, Belville",7530
"KARLIENPARK, Kimberley",8301
"KARLIENPARK, Rustenburg",0300
KAROS  (Thursday Only),8819
"KARRINGMELKRIVIER (Monday,Wednesday & Friday only)",6665
KASOUGA,6191
KASSELSVLEI Boxes,7533
"KASSELSVLEI, Bellville",7530
"KASTEELSIG, Wingate Park",0153
KATHU,8446
KATHU Boxes,8446
KATJIEBANE,0517
KATLEHONG,1832
KATZENBERG,7348
"KAYAMANDI, Stellenbosch",7600
"KAYDALE, Jameson Park",1492
KAYSERS BEACH,5201
KAZAKHSTAN,Z008
"KBC BRAKE & CLUTCH, SELBY",A015
KEARSNEY,4453
KEDIKETSE,0454
"KEEROM, Middelburg",1050
KEI MOUTH (Tuesday's & Friday Only),5260
KEI ROAD (Special Trip),4920
"KEIDEBEES, Upington",8801
"KEIMOES (Monday,Wednesday & Friday)",8860
KEISKAMMAHOEK (Freight permitting),5670
KEIWEG,4920
"KELDERHOF, Somerset West",7130
"KELLAND, Randburg",2194
"KELLY'S VIEW, Bloemfontein",9301
KELSO,4183
KELVIN,2054
KELVIN Boxes,2054
KELVIN VIEW,2090
"KELVINVIEW, Kelvin",2054
"KEMPENVILLE, Bellville",7530
KEMPTON PARK,1619
KEMPTON PARK,1620
KEMPTON PARK Ext/Uit 3 -,1619
"KEMPTON PARK WEST, Kempton Park",1619
"KEMPTON PARK-WES, Kempton Park",1619
"KEMPVILLE, Piet Retief",2380
"KEMSLEY PARK, Port Elizabeth/ Gqeberha",6001
"KENDAL (Monday,Wednesday & Friday)",2225
"KENDALWOOD, Plumstead",7800
KENDREW,6283
"KENEVER, Durbanville",7550
KENGRAY,2100
KENHARDT (Wednesday Only),8900
KENILWORTH Cape Town,7700
"KENILWORTH, Cape Town,  Boxes",7745
"KENILWORTH, Johannesburg, Streets",2190
"KENILWORTH, Kimberley",8301
"KENLEAF & Ext/Uit 1, Brakpan",1540
"KENMARE & Ext/Uit 1, Krugersdorp",1739
KENMARE Boxes,1745
"KENNETH GARDENS, Durban",4001
"KENRIDGE Est/Lgd, Durbanville",7550
"KENRIDGE GLENN, Bellville",7530
"KENRIDGE HEIGHTS, Durbanville",7550
"KENRIDGE, Bellville",7530
"KENSINGTON, Johannesburg",2094
"KENSINGTON, Maitland",7405
"KENSINGTON, Port Elizabeth/ Gqeberha",6001
KENSINGTONJOHANNESBURG,2101
"KENTANI ( Thursday's Only, Town Only)",4980
KENTON ON SEA,6191
"KENTVIEW, Johannesburg",2196
"KENVILLE, Durban",4051
"KENWOOD, Rondebosch",7700
KENWYN Boxes,7790
KENWYN Streets,7764
KENYA - Nairobi,Z004
KENYA - Other Areas,Z005
"KERKGROND, Sutherland (Teusday Only)",6920
KERNKRAG Boxes,7440
"KERNKRAG, Melkbosstrand",7441
KESTELL (Serviced out of Bethlehem),9860
"KESTELLHOF, Kimberley",8301
KEURBOOMSTRAND,6600
"KEW Tsp/Dgd, Johannesburg",2090
"KEWTOWN, Athlone",7764
"KGAKALA, Leeudoringstad (Tuesday & Thursday Only)",2640
"KGOBOKWANE, Marble Hall",0484
"KGOHLWANE, Polokwane",0756
"KGOTSONG, Bothaville",9660
"KHALETHU, Middelburg",1050
"KHAMANGA BAY, East London",5275
"KHARWASTAN, Chatsworth",4092
"KHAYA IBHUBESI CONFERENCE CENTRE, Parys",9585
KHAYELITSHA,7784
"KHAYELITSHA, KwaNobuhle",6242
KHOMANANI (Tuesdays Only),0933
KHOMBASO (On Request),1355
"KHOTSO, Orlando",1804
KHUBVI (Monday's Only),0984
KHUJWANA,0804
"KHUMA, Ermelo",2350
"KHUMA, Stilfontein ( Monday & Wednesday Only)",2550
"KHUMALO VALLEY, Katlehong",1832
"KHUMBULEKHAYA, Phiva",1358
"KHUTSONG, Carletonville",2500
"KHYBER ROCK, Sunninghill",2157
KIASHA PARK,1829
"KIBLER HEIGHTS, Johannesburg",2091
KIBLER PARK Boxes,2053
"KIBLER PARK, Johannesburg",2091
KIDD'S BEACH,5264
KIEPERSOL,1241
KIESEL,0382
"KIESERVILLE, Lichtenburg",2740
"KILDARE, Empangeni",3880
"KILDRUMMY, Paulshof",2056
"KILFENORA, Benoni",1501
KILLARNEY GARDENS,7441
"KILLARNEY, Johannesburg",2193
"KILLARNEY, Table View",7441
"KILNER PARK & Ext/Uit,",0186
KIMBERLEY,8301
KIMBERLEY Boxes,8300
"KIMBERLEY NORTH, Kimberley",8301
"KIMBERLEY-NOORD, Kimberley",8301
"KIMDUSTRIA, Kimberley",8301
"KINE PARK, Brackenfell",7560
"KINGFISHER Est/Lgd, South",7800
"KINGS REST, Durban",4052
"KINGS VIEW, Durban",4052
"KINGSBURGH, Amanzimtoti",4126
"KINGSBURY PARK, Rondebosch",7700
KINGSLEY,3002
"KINGSMEAD, Durban",4051
"KINGSTON, Bellville",7530
KINGSVIEW,1240
KINGSWOOD,2661
KINGWILLIAMSTOWN (QONCE),5600
KINKELBOS,6188
KINROSS (Tuesday & Thursday),2270
"KIRKWOOD GARDENS, Durban",4001
"KIRSTENBOSCH, Claremont",7700
"KIRSTENHOF, Kimberley",8301
"KIRSTENHOF, Retreat",7785
"KLAARSTROOM (Monday, Wedenesday & Friday)",6932
"KLAARWATER, Pinetown",3610
KLAAS VOOGDS RIVER,6707
KLAAS VOOGDSRIVIER,6707
"KLAASENBOSCH, Constantia",7800
"KLAASJAGERSBERG, Simonstown",7995
KLAPMUTS,7625
"KLARINET, Witbank / Emalahleni",1039
KLASERIE (48 Hours),1381
KLAWER,8145
KLEIN BRAKRIVIER,6503
"KLEIN DREYERSDAL, Bergvliet",7785
"KLEIN JOOSTENBERG FARM, Stellenbosch",7600
"KLEIN PANORAMA, Parow",7500
KLEIN RIVER,6351
"KLEIN TURF HALL Est/Lgd,",7780
"KLEIN WELGEMOED, Bellville",7530
KLEIN-DRAKENSTEIN,7628
"KLEIN-NEDERBURG, Paarl",7646
KLEINBOS,6310
"KLEINBOSCH, Parrow",7500
KLEINEMONDE (Monday & Thursday Only),6172
"KLEINFONTEIN, Benoni",1501
"KLEINGELUK, Stellenbosch",7600
KLEINKRANTZ,6560
KLEINMOND,7195
KLEINPOORT,6236
KLEINRIETSPRUIT FARM,4700
KLEINRIVIER,6351
KLEINSEE (Monday's & Wednesday Only),8282
"KLEINSKOOL, Port Elizabeth",6020
"KLEINVLEI, Eersteriver",7100
"KLERKINDUSTRIA, Klerksdorp",2570
KLERKSDORP,2570
KLERKSDORP Boxes,2570
KLERKSOORD,0200
"KLEVEHILL PARK, Petervale",2151
KLIP RIVER,1836
KLIPBANKFONTEIN,2836
KLIPBOSCHLAAGTE FARM,6707
"KLIPBOU, Ermelo",2350
KLIPDALE,7283
"KLIPDRIFT, Potchefstroom",2531
"KLIPFONTEIN NO 4, Randburg",2194
"KLIPFONTEIN VIEW, Halfway House",1685
"KLIPFONTEIN, Boksburg",1459
"KLIPFONTEIN, Eastern Cape",5824
"KLIPFONTEIN, Witbank/ Emalahleni",1034
KLIPHEUWEL,7303
"KLIPKOP, Cape Town",7501
KLIPPLAAT (Tuesday & Thursday Only),6255
"KLIPPOORTJIE, Germiston",1401
KLIPRAND,8205
KLIPRIVIER,1836
"KLIPRIVIERSBERG Est/Lgd,",2197
KLIPRUG,6835
"KLIPSPRUIT & Ext/Uit,",1808
KLIPSPRUIT WEST & Ext 1 &,1812
KLIPSPRUIT-WES & Uit 1 &,1812
KLIPTOWN,1812
KLIPWAL GOLD MINE (Special Trip Freight Dependant),3170
"KLISSERVILLE, Kimberley",8301
KLOOF Boxes,3640
"KLOOF STREET, CAPE TOWN",8008
"KLOOF, Pinetown",3610
"KLOOFENDAL, Florida",1709
"KLOOFNEK, Cape Town",8001
KLOOFSIG Boxes,0034
"KLOOFSIG, Verwoerdburg",0157
"KLOOFSTRAAT, KAAPSTAD",8008
"KLOPPERPARK, Germiston",1406
KNAPDAAR,5521
"KNIGHTS, Germiston",1401
KNOPJESLAAGTE,1685
KNOPPIESLAAGTE,1685
KNYSNA,6570
KNYSNA (Serviced out of PLZ),6570
"KOCKSOORD, Randfontein",1764
KOCKSPARK Boxes,2523
"KOCKSPARK, Potchefstroom",2520
KOCKSVLEI Boxes,1764
"KOCKSVLEI, Randfontein",1764
"KOEBERG PARK Est/Lgd, Maitland",7405
"KOEBERG Tsp/Dgd, Melkbosstrand",7441
KOEDOESKOP,0361
"KOEDOESPOORT, Pretoria",0186
KOEKEMOER,2553
KOEKENAAP,8146
KOELEMANSRUS  (Wednesday Only),0629
KOELENHOF,7605
KOFFIEFONTEIN,9986
"KOFFIEKRAAL, Mogwase",2848
"KOGGELFONTEIN, Simonstad",7995
KOINGNAAS (Thursdays Only),8249
KOKANJE,0510
"KOKOSI, Fochville ( Tuesday & Thursday Only)",2515
KOKSTAD,4700
KOLOTI,0709
KOMAGGAS,8242
KOMANI (QUEENSTOWN),5320
KOMANI Boxes,5322
"KOMANI PARK, Queenstown/ Komani",5320
"KOMANI, Queenstown/ Komani",5320
KOMATIPOORT,1340
KOMGA,4950
KOMMADAGGA,5800
KOMMETJIE Boxes,7976
KOMMETJIE Streets,7975
KOMMISIEDRIFT,0299
KOOKHUIS,5820
"KOOKRUS, Rothdene",1964
"KOOPMANSFONTEIN (Monday,Wednesday & Friday)",8391
"KOPELA, Barberspan (Monday, Wednesday & Friday)",2765
KOPERBERG Boxes,8250
"KOPERBERG, Springbok",8240
KOPJENG,1059
KOPPIES,9540
"KOPPIESKRAAL RD, Parys",9585
KORINGBERG,7312
KORINGPUNT,0632
KORSTEN Boxes,6014
"KORSTEN, Port Elizabeth",6020
KOSI BAY,3973
"KOSMOS PARK, Standerton",2430
"KOSMOS, Brits",0261
"KOSMOSDAL, Centurion",0157
KOSTER ( Freight Dependant ),2825
KOTZESHOOP (Special Trip),8246
KOTZESRUS,8204
KOUE-BOKKEVELD (Tuesday & Thursday Only),6836
"KOWIE WEST, Port Alfred",6170
KOWIE-WES Busse,6171
"KOWIE-WES, Port Alfred",6170
KRAAIFONTEIN,7570
KRAAIFONTEIN Boxes,7569
"KRAALKOP, Kroonstad",9499
KRAANKUIL,8760
KRAGBRON,9560
"KRAGGAKAMMA PARK, Port Elizabeth",6070
KRAKEEL RIVER,6430
KRAKEELRIVIER,6430
"KRAMERVILLE, Wendywood",2148
KRANSFONTEIN (Monday Only),9706
KRANSHOEK,6605
"KRANSKOP NORTH, Polokwane",0510
"KRANSKOP, Durban",3268
"KRANSKOP, Natal (Special Trip)(Mon,Wed & Fri Only)",3550
"KRANSPOORT VAKANSIEDORP (Mon, Wed & Fri Only)",1080
"KRAUSEVILLE, Pretoria",0082
"KREMETART, Giyani",0826
"KREUPELBOSCH, Bergvliet",7785
KRIEL,2271
KRIEL Boxes,2271
"KRIGEVILLE, Stellenbosch",7600
KROKODILDRIFT WEST,2874
KROKODILDRIFT WEST,2874
"KROM RIVER, Stellenbosch",7600
"KROMBOOM Est/Lgd, Lansdowne",7780
"KROMDRAAI, Cradle of Humankind",1739
"KROMDRAAI, Limpopo (Tuesdays Only)",0634
KROMHOEK  (Tuesday & Thursday Only),0716
"KROMRIVIER, Stellenbosch",7600
KROONDAL,0350
KROONHEUWEL Boxes,9501
"KROONHEUWEL, Kroonstad",9499
KROONSTAD,9499
KROONSTAD (Serviced out of WEL),9499
KROONSTAD Boxes,9500
"KROONVAAL, Parys",9585
KROONVALE Boxes,6281
"KROONVALE, Graaff-Reinet",6280
KRUGERS,Z007
KRUGERSDORP,1739
KRUGERSDORP Boxes,1740
KRUGERSDORP NORTH Boxes,1741
"KRUGERSDORP NORTH, Krugersdorp",1739
KRUGERSDORP-NOORD Busse,1741
"KRUGERSDORP-NOORD, Krugersdorp",1739
"KRUGERSRUS, Springs",1559
"KRUINHOF, Elandsfontein",1406
"KRUIS RIVER, Oudtshoorn, Western Cape",6633
"KRUIS RIVER, Uitenhage/ Kariega",6230
"KRUISFONTEIN, Rosslyn",0200
"KRUISRIVIER, Oudtshoorn, Western Cape",6633
"KRUISRIVIER, Uitenhage/ Kariega",6230
KUBOES,8292
KUDUBE,0401
KUILS RIVER,7580
KUILSRIVIER,7580
"KULEKA, Empangeni",3880
"KUNENE PARK, Port Elizabeth",6025
KURUMAN,8460
KUSHKE ( Wednesday Only),0743
KUTAMA ( Tues & Thurs Only),0921
"KUTLWANONG, Merafong",9480
KUWAIT - Kuwait City,Z007
"KWA-MLUNGISI, Stutterheim",4930
"KWABHACA, Mount Frere ( Special Trip)( Tues& Thur",5090
KWABHUBESI,4684
"KWADABEKA B, Pinetown",3609
KWADLANGEZWA,3886
KWADUKUZA (STANGER),4449
KWADWESI,6001
"KWADWESI, Zwide",6001
"KWAFORD, Port Elizabeth",6200
"KWAGGAFONTEIN, Bloemfontein",9301
"KWAGGAFONTEIN, Mpumalanga",0540
"KWAGGASRAND, Pretoria-West",0183
KWAGGASVLAKTE,0380
"KWAGUQA, Emalahleni",1073
"KWAKHANGELA, Durban",4013
"KWAKHANGELA, Port Elizabeth",6205
"KWAKWATSI, Koppies",9540
"KWALOYITI, East London",5209
KWALUGEDLANE (Wednesday & Friday Only),1341
"KWAMAGXAKI, Zwide",6001
"KWAMAKUTHA, Amanzimtoti",4126
"KWAMANDLENKOSI, Beaufort West (Mon, Wed, Fri)",6970
KWAMASAKHANE (Frieght Dependant),9474
KWAMASHU,4360
KWAMAYIBUYE,4643
KWAMBONAMBI,3915
KWAMHLANGA,1022
"KWAMSANE, Mtubatuba",3935
KWAMSOGWABA (Tuesday & Thursday Only),1215
KWANALA,2272
KWANDEBELE,1022
"KWANDENGEZI, Pinetown",3607
KWANGWANASE,3973
KWANOBUHLE,6242
"KWANOJOLI, Somerset East",5850
KWANOKUTHULA,6600
"KWANOMZAMO, Humansdorp",6300
KWANONQABA,6502
"KWANONZAME, Middelburg",5900
KWANYUSWA (Tuesday & Thursday),3660
KWASIZABANTU,3561
KWATHANDUXOLO,2509
"KWATHAYELA, Tongaat",4400
KWATHEMA,1563
KWAVUKILE,6143
KWAXUMA Boxes,1867
KWAXUMA Streets,1868
KWAZAKHELE,6205
KWAZAMOKHUHLE (Tuesday & Wednesday),1098
"KWELEGA,( KWELERA) East London",5259
"KWELERA, East London",5259
"KWENA PARK, Brits",0250
"KWENZEKILE, Katlehong",1434
KWETYANA,5219
"KWEZI, Worcester",6850
KYA SANDS,2169
KYALAMI,1684
"KYLEMORE, Stellenbosch",7600
KYRYSTAN,Z008
"LA COLLINE, Stellenbosch",7600
"LA CONCORDE, Pretoria",0184
"LA CONCORDIA, Somerset West",7130
LA LUCIA RIDGE,4051
"LA LUCIA, Durban",4051
LA MERCY,4399
"LA MERCY, Desainagar",4405
"LA MONTAGNE, Pretoria",0184
LA MOTTE,7691
"LA PROVENCE, Bethlehem",9700
"LA ROCHELLE, Bellville",7530
"LA ROCHELLE, Johannesburg",2190
"LA ROCHELLE, Port Elizabeth",6070
"LA SANDRA, Somerset West",7130
LAAIPLEK,7370
"LABIANCE Est/Lgd, Bellville",7530
"LABORE, Brakpan",1540
"LABORIA, Polokwane",0699
"LABORIA, Upington",8801
"LABRAM, Kimberley",8301
LADANNA Boxes,0699
"LADANNA, Pietersburg",0699
"LADANNA, Polokwane",0700
"LADINE Ext/Uit 16, Pietersburg",0699
"LADISMITH (CP) (Monday, Wednesday & Friday only)",6885
"LADY FRERE (Tuesday's,Wednesday & Friday Only)",5410
LADY GREY,5540
LADYBRAND,9745
LADYSMITH INDUSTRIAL (Wednesday & Friday Only),3370
"LADYSMITH, KZN",3370
"LADYSMITH, KZN",3370
LAERSDRIF,1065
LAEZONIA,0026
"LAGOON BEACH, Cape Town",7441
"LAGOON VIEW, Amanzimtoti",4126
"LAHOFF, Klerksdorp",2570
LAINGSBURG (Tuesday & Thursday),6900
"LAINGVILLE, St Helenabaai",7390
LAKEFIELD & Ext/Uit 9 & 2,1501
LAKESIDE Boxes,7955
"LAKESIDE, Modderfontein",1645
"LAKESIDE, Muizenberg",7945
"LAKESIDE, Pinetown",3610
"LAKEVIEW, Bloemfontein",9301
"LAKEVIEW, Johannesburg",2091
"LAKEVIEW, Welkom",9459
LAMBERT'S BAY,8130
LAMBERTSBAAI,8130
LAMBERTSBAY,8130
LAMBRECHTSDRIF (Thursday Only),8820
LAMBTON Boxes,1414
"LAMBTON GARDENS, Elsburg",1407
"LAMBTON, Germiston",1401
"LAMMERMOOR, Muldersdrift",1747
LAMONTVILLE,4027
"LANCASTER EAST, Krugersdorp",1739
"LANCASTER WEST, Krugersdorp",1739
"LANCASTER-OOS, Krugersdorp",1739
"LANCASTER-WES, Krugersdorp",1739
"LAND EN ZEEZICHT, Somerset west",7130
"LANDSDOWNE, Cape Town",7780
"LANDSTEAD, Plumstead",7800
LANGA,7455
"LANGA, Uitenhage/ Kariega",6230
LANGEBAAN,7357
LANGEBAAN ROAD,7375
LANGEBAANWEG,7375
"LANGEBERG HILLS, Durbanville",7550
"LANGEBERG RAND, Durbanville",7550
"LANGEBERG RIDGE, Durbanville",7550
"LANGEBERG VILLAGE, Durbanville",7550
"LANGENHOVENPARK, Bloemfontein",9330
"LANGERUG, Worcester",6850
LANGKRANS (Wednesday),3114
LANGLAAGTE Boxes,2102
"LANGLAAGTE NORTH, Johannesburg",2092
"LANGLAAGTE, Johannesburg",2092
"LANGLAAGTE-NOORD, Johannesburg",2092
LANGVERWAG,6632
LANSDOWNE,7780
LANSERIA,1748
"LANSTA, Rondebosch",7700
"LANTANA, Paarl",7646
LAOS,Z008
"LARRENDALE, Brakpan",1540
"LAS VAGAS, Mitchells Plain",7785
"LASIANDRA, Vanderbijlpark",1911
LATVIA,Z008
LAUDINA,6463
LAUDIUM,0037
"LAUDIUM Ext/Uit 2 & 3,",0037
"LAURENDALE Est/Lgd, Bellville",7530
LAURIEN CREST,4028
"LAURIEN CREST, Durban",4051
LAVENDER HILL Boxes,7948
LAVENDER HILL Streets,7785
"LAVENDER HILL, Retreat",7785
"LAVENDER VALLEY Ext/Uit, Grahamstown/ Makhanda",6140
"LAVERSBURG, Nigel",1490
LAVISTOWN Boxes,7465
LAVISTOWN Streets,7490
LAWLEY,1824
"LAWRENCE VILLAGE, Maitlan",7405
"LAXMI, PIETERMARITZBURG",3207
"LAZER PARK, Roodepoort",1724
"LBE LOGISTICS, Isando",A016
"LEA PLACE, Port Elizabeth/ Gqeberha",6001
"LEACHVILLE, Brakpan",1540
"LEAGLEN, Florida",1709
"LEAHOLM, Bryanston",2021
"LEANDRA, Leslie (Tuesday & Thursday)",2265
LEBANON - Beirut,Z008
LEBANON - Other Areas,Z008
"LEBOGANG, Ottosdal",2610
"LEBOHANG, Leslie (Tuesday & Thursday)",2265
"LEBOTLANE, Hammanskraal",0411
LEBOWAKGOMO,0737
LEDIG,0316
LEERKRANS  (Thursday Only),8818
LEEUDORINGSTAD (Tuesday & Thursday),2640
LEEUFONTEIN,0449
LEEUGAMKA (Tuesday & Thursday),6950
"LEEUHOF, Vereeniging",1939
"LEEUKUIL, Polokwane",0699
LEEUPOORT,0486
"LEEUWFONTEIN, MARBLE HALL",0459
"LEEUWFONTEIN, Pretoria",0186
"LEEUWFONTEIN, Pretoria",0186
"LEEUWKUIL, Vereeniging",1939
LEFALANE,0741
LEHAE,1829
LEHURUTSHE,2880
LEIPOLDTVILLE Cape Town,8122
"LEISURE BAY, Knysna",6570
"LEISURE BAY, Port Edward",4278
"LEISURE ISLE, Knysna",6570
"LEKAZI, kaNyamazane",1214
"LEKGALONG, Rustenburg ( Monday )",0301
LEKKERPLAAS,1784
LEKKERSING,8283
"LEKWAGENG, SEKHUKHUNE",1124
"LEMOENKLOOF, Paarl",7646
LEMONDOKOP,0815
LENASIA,1827
LENASIA Boxes,1820
"LENASIA Ext/Uit 1 - 3, 5",1827
"LENASIA Ext/Uit 7, 8 & 11",1827
LENASIA SOUTH,1829
"LENASIA, Phoenix",4051
"LENASIA-SUID, Grasmere",1828
"LENBERRY, Lansdowne",7780
LENGAU Boxes,9503
LENGAU Streets,9499
"LENHAM, Durban",4051
"LENNOXTON, Newcastle",2958
LENTEGEUR Boxes,7786
LENTEGEUR Streets,7785
"LENTING, Maake  (Mon,Wed & Frid Only)",0871
"LENYENYE (Mon,Wed,Fri Only)",0857
LENZ,1822
"LEONARD Est/Lgd, Milnerton",7441
"LEONARD, Hilton",3245
LEONDALE Boxes,1424
"LEONDALE, Elsiesrivier",7490
"LEONDALE, Germiston",1401
LEPELLE-NKUMPI,0737
LEPHALALE (ELLISRAS),0555
LERAATSFONTEIN Boxes,1038
"LERAATSFONTEIN,Witbank/ Emalahleni",1035
LERATO,2880
LEROME,0497
LES MARAIS Boxes,0038
"LES MARAIS, Pretoria",0084
LESEDI,2525
LESHWANE,0724
LESLIE (Tuesday & Thursday),2265
LESOTHO - MASERU,Z001
LESOTHO - OTHER,Z001
"LETABA (Mon,Wed,Fri Only)",0870
"LETHABONG, Modderfontein",1609
"LETHABONG, Rustenburg",0263
LETLHABILE,0264
LETSATSING,2503
LETSITELE,0885
"LETSOPA, Ottosdal",2610
"LEVALLIA, George",6529
LEVUBU,0929
"LEVYVALE, Uitenhage/ Kariega",6230
"LEWISHAM, Krugersdorp",1739
LIBANON Boxes,1781
"LIBANON, Westonaria",1780
LIBERIA - Monorvia,Z008
LIBERIA - Other Areas,Z008
LIBODE ( Tuesday Only),5110
"LIBRADENE, Boksburg",1459
LIBYA - Other Areas,Z008
LIBYA - Tripoli,Z008
LICHTENBURG,2740
LIDGETTON,3270
"LIDIDA, Stellenbosch",7600
"LIEBEN GLEN, Bellville",7530
LIECHTENSTEIN - Vaduz,Z008
LIEFDE EN VREDE,2190
LIESBEEK,7710
"LIGHT WORLD ELECTRICAL WHOLESALERS, MAKHADO",A017
"LILIANTON, Boksburg",1459
LILYDALE (Tuesday & Thursday Only),1281
"LILYVALE, Putfontein",1513
LIMBURG (Wednesday Only),0613
LIME ACRES ( Wednesday's Only),8410
LIMPOPODRAAI,0536
"LINBRO PARK, Sandton",2065
"LINCOLN Est/Lgd, Lansdown",7780
"LINCOLN MEAD, Pietermaritzburg",3201
"LINDBERGH PARK, Johannesburg",2190
LINDEN Boxes,2104
"LINDEN Ext/Uit, Randburg",2194
"LINDEN, Johannesburg",2195
"LINDENE, Kimberley",8301
LINDEQUESDRIF AH,1913
"LINDHAVEN Ext/Uit 3, Roodeport",1724
"LINDHAVEN PARK, Roodeport",1724
"LINDHAVEN, Roodepoort",1724
LINDLEY (Tues & Thurs),9630
"LINDO PARK, Pretoria",0186
LINGELETHU WEST Boxes,7765
"LINGELETHU WEST, Mitchells Plain",7785
LINGELETHU-WES Busse,7765
"LINGELETHU-WES, Mitchells Plain",7785
LINGELIHLE Boxes,5881
"LINGELIHLE, Cradock",5880
LINK HILLS,3652
"LINKS, Somerset West",7130
"LINKSFIELD NORTH, Johannesburg",2192
"LINKSFIELD RIDGE, Johannesburg",2198
"LINKSFIELD, Johannesburg",2192
"LINKSFIELD-NOORD, Johannesburg",2192
"LINKSIDE, Mosselbay",6500
"LINKSIDE, Port Elizabeth/ Gqeberha",6001
"LINKSVIEW, Benoni",1501
LINMEYER Boxes,2105
"LINMEYER, Johannesburg",2190
"LINQUINDA, Bloemfontein",9301
LINTON GRANGE Boxes,6015
"LINTON GRANGE, Port Elizabeth",6025
LIONS RIVER,3260
LIONSRIVIER,3260
LIONSROCK SANCTUARY,9700
LIPHAKOENG,2554
"LISTERWOOD, Port Elizabeth/ Gqeberha",6001
"LITHA PARK, Khayelitsha",7784
LITHUANIA,Z008
LITTLE BRAK RIVER,6503
"LITTLE CHELSEA, Port Elizabeth",6011
"LITTLE FALLS, Roodepoort",1735
"LITTLEFILLAN, Morningside",2057
LLANDUDNO Cape Town,7806
LOCHIEL (Thursday Only),2337
"LOCHIEL, Athlone",7764
"LODEYKO, Springs",1559
LOERIE,6370
"LOERIE PARK, George",6529
LOERIESFONTEIN (Tuesday's & Thursday Only),8185
"LOEVENSTEIN, Bellville",7530
LOHATHLA (Monday & Wednesday),8420
"LOMBARDY EAST, Johannesburg",2090
"LOMBARDY WEST, Johannesburg",2090
"LOMBARDY, Johannesburg",2090
"LOMBARDY-OOS, Johannesburg",2090
"LOMBARDY-WES, Johannesburg",2090
"LONDON VILLAGE, Mitchells Plain",7785
"LONEHILL, Bryanston",2062
LONG HOPE,5822
"LONGCROFT, Durban",4051
"LONGDALE, Johannesburg",2093
"LONGDOWN Est/Lgd, Somerset West",7130
"LONGLAKE, Modderfontein",1609
LONGLANDS,8376
"LONGMEADOW, Edenvale",1609
LONSDALE,0710
"LORATO, Zeerust (Tuesday & Thursday Only)",2865
"LORENTZVILLE, Johannesburg",2094
"LORETTA PARK, Tzaneen",0850
"LORRAINE MANOR, Port Elizabeth",6070
"LORRAINE, Port Elizabeth",6070
"LOSKOP, DURBAN (Tuesday & Thursday)",3330
"LOSKOP, Groblersdal",0470
"LOSPERFONTEIN, Brits",0250
LOTHAIR ( Thursday Only),2370
"LOTUS GARDENS, Atteridgeville",0008
"LOTUS PARK, Isipingo",4110
LOTUS RIVER Boxes,7805
LOTUS RIVER Streets,7945
LOTUSRIVIER Busse,7805
LOTUSRIVIER Strate,7945
"LOTUSVILLE, Aberdeen",6270
"LOTUSVILLE, Verulam",4340
"LOUGRIN, Johannesburg",2013
LOUIS BOTHA AIRPORT,4029
LOUIS BOTHALUGHAWE,4029
LOUIS TRICHARDT (MAKHADO),0920
LOUISVALE,8809
"LOUMAR Est/Lgd, Bellville",7530
"LOURIER PARK, Bloemfontein",9301
LOUTERWATER,6435
"LOUW'S BUSH, Elsiesrivier",7490
LOUW'S CREEK,1302
"LOUWLARDIA, Centurion",0157
LOUWNA (Friday Only),8610
LOUWSBURG,3150
LOUWVILLE Boxes,7383
"LOUWVILLE, Vredenburg",7380
"LOVEMORE HEIGHTS, Port Elizabeth",6070
"LOVEMORE PARK, Port Elizabeth",6070
LOW MARINA,1759
"LOWER HOUGHTON, Johannesburg",2198
"LOWRYVILLE, Colesberg",5980
LOXTON (Wednesday & Friday only),6985
LUCKHOFF,9982
"LUFHERENG, Soweto",1834
LUIPAARDSVLEI Boxes,1743
"LUIPAARDSVLEI, Krugersdorp",1739
"LUKASRAND, Pretoria",0181
LULEKANI  (Tuesday & Thursday Only),1392
LULET,6687
LUMIER Boxes,1905
"LUMIER, Vanderbijlpark",1911
LUNEBURG (Freight Dependant),3183
"LUSHOF, Tzaneen",0850
"LUSIKISIKI (Serviced by DUR)(Mon,Wed,Fri)",4820
"LUSIKISIKI (Serviced by DUR)(Mon,Wed,Fri)",4820
LUTZVILLE,8165
LUXEMBOURG,Z005
"LWAMONDO, Polokwane",0985
"LWANDLE, Strand",7140
LYDENBURG (MASHISHING),1120
"LYDIANA, Pretoria",0184
"LYME PARK & Ext/Uit,",2060
"LYME PARK Ext/Uit 2 - 4,",2060
"LYNCHFIELD, Bloemfontein",9364
LYNDHURST Boxes,2106
"LYNDHURST, Johannesburg",2192
"LYNDHURST, Kimberley",8301
LYNEDOCH,7603
"LYNFIELD PARK, Pietermarizburg",3201
"LYNFRAE Est/Lgd, Newlands",7700
"LYNHURST PARK, Pinetown",3610
LYNN EAST,0040
LYNN EAST Boxes,0039
"LYNNRODENE, Pretoria",0081
"LYNNVILLE, Witbank/ Emalahleni",1035
"LYNNWOOD GLEN, Pretoria",0081
"LYNNWOOD MANOR, Pretoria",0081
"LYNNWOOD PARK, Pretoria",0081
LYNNWOOD RIDGE Boxes,0040
"LYNNWOOD RIDGE, Pretoria",0081
"LYNNWOOD, Pretoria",0081
"LYNNWOOD, Table View",7441
LYNNWOODRIF Busse,0040
"LYNNWOODRIF, Pretoria",0081
"LYNROY, Pietermaritzburg",3201
LYTTELTON MANOR & Ext/Uit,0157
"LYTTELTON, Verwoerdburg",0157
"Laboria, Polokwane",0700
"MAAKE (Mon,Wed,Fri Only)",0871
MAANDAGSHOEK,1152
MAANHAARRAND,2809
MAASSTROOM (Special Trip & Add Charges Apply),0623
"MABALIA, Alrode",1449
"MABATLANE (VAALWATER) (Mon, Wed & Fri Only)",0530
"MABILLE PARK, Kuilsrivier",7580
MABOKE (CASTEEL) (Wednesday & Friday Only),1280
MABOPANE,9998
"MABULE VILLAGE, Mahikeng",2745
"MABUYA PARK, Rusloo",1468
MACASSAR Boxes,7134
"MACASSAR, Somerset West",7130
MACAU,Z007
MACEDONIA,Z008
MACHADODORP (ENTOKOZWENI) (Tues. & Thurs Only),1170
"MACHIBISA, Edendale",3217
MACKENZIE PARK & Ext/Uit,1501
"MACKENZIEVILLE, Nigel",1490
MACLEANTOWN (Special Trip),5280
"MACLEANVILLE, Port Elizabeth/ Gqeberha",6001
MACLEAR (NQANQARHU) (48 Hours),5480
MADADENI,2951
MADAGASCAR - Antanarivo,Z007
MADAGASCAR - Other Areas,Z008
"MADIBENG, North West",0250
MADIBOGO (Wednesday Only),2772
MADIKWE,2840
MADISHA DITORO VILLAGE,0631
MAFATSANA,1981
MAFEFE,0770
MAFIKENG (MAHIKENG),9997
"MAGALIES VIEW Ext 4 & 15,",2067
"MAGALIES VIEW, Bryanston",2067
MAGALIESBURG,2805
MAGALIESBURG (Serviced out Of RTB),2805
"MAGALIESKRUIN, Pretoria",0150
"MAGALIESMOOT AH, Pretoria",0030
"MAGALIESSIG, Fourways, Johannesburg",2067
"MAGALIESSIG, Fourways, Johannesburg",2067
MAGATLE,0631
"MAGAZULU PARK, Empangeni",3880
MAGELEMBE,0466
MAGGIESDAL,1132
"MAGHEIGHTS, Katlehong",1832
"MAGNA VIA, Polokwane",0699
"MAGOBADING, Burgersfort",1129
MAGOEBASKLOOF (Tuesdays's & Thursday's Only),0731
MAGOGONG,8575
MAGOJANENG,8460
"MAHEANE, Kuruman",8460
MAHIKENG (MAFIKENG),9997
MAHLABATINI,3865
"MAHOGANY RIDGE, Pinetown",3608
"MAHUBE VALLEY, Mamelodi East",0122
MAHUSHU,1253
MAHWELERENG,0626
MAIDSTONE,4380
"MAILULU, Rusloo",1468
"MAIN STREET, PAARL",7622
MAITLAND,7405
MAJA,0719
"MAJEMANTSHO, Mafikeng",2745
MAKADIKWE,1062
MAKAPANSTAD (Friday's Only),0404
"MAKGOFE, Polokwane",0751
"MAKGOLOKOENG, Harrismith",9880
MAKHADO (LOUIS TRICHARDT),0920
"MAKHADO, LOUIS TRICHARDT",0920
MAKHANDA (GRAHAMSTOWN),6141
"MAKHAYA, Khayelitsha",7784
"MAKHAZA, Khayelitsha",7784
"MAKHUSHANE  (Mon,Wed & Frid Only)",1390
"MAKHWENKE, Port Elizabeth/Gqeberha",6001
"MAKHWIBIDUNG VILLAGE, Tzaneen",0873
MAKOKSKRAAL,2712
MAKONDE (Monday Only),0984
MAKOPPA,0381
MAKOTOPONG,0723
MAKWARELA,0950
MAKWASSIE (Tues & Thurs Only),2650
"MALABAR, Port Elizabeth",6020
"MALAGAS (Monday's, Wednesday & Friday)",6740
"MALAGAS PARK, Milnerton",7441
MALAMALA ( On Request),1353
MALAMULELE,0982
"MALAN, Wellington",7655
MALANSHOF & Ext/Uit 1 - 8,2194
MALATANE  (Tuesday & Thursday Only),0604
MALAWI - Blantyre,Z003
MALAWI - Lilongwe,Z003
MALAWI - Other Areas,Z004
MALAYSIA - Kuala Lumpur,Z006
MALAYSIA - Other Areas,Z007
"MALDIVES, REPUBLIC OF",Z008
MALEKUTU,1240
MALELANE,1320
"MALEMATI, Polokwane",0736
MALETSWA,9750
"MALGAS ( Monday's, Wednesday & Friday)",6740
MALI - Bomako,Z008
MALI - Other Areas,Z008
"MALIBU VILLAGE, Eersterivier",7100
MALMESBURY,7300
"MALOKELA, Burgersford",1150
MALTA,Z005
"MALUKAZI, Isipingo",4110
"MALUNGA PARK, Guguletu",7750
MALUTI (Freight Dependant),4740
"MALVERN EAST Ext 1 & 3,",2008
"MALVERN EAST Ext, Bedfordview",2008
"MALVERN EAST, Primrose",1401
"MALVERN, Johannesburg",2094
"MALVERN, N Boxes",4055
"MALVERN, Queensburgh",4093
"MALVERN-OOS Uit 1 & 3,",2008
"MALVERN-OOS Uit, Bedfordview",2008
"MALVERN-OOS, Primrose",1401
MAMAILA,0835
MAMELODI Boxes (Mon & Thurs),0101
"MAMELODI EAST, Pretoria",0122
"MAMELODI GARDENS, Pretoria",0122
MAMELODI Streets,0122
"MAMELODI TUINE, Pretoria",0122
"MAMELODI WEST, Pretoria",0122
"MAMELODI-OOS, Pretoria",0122
"MAMELODI-WES, Pretoria",0122
"MAMOGALESKRAAL, Brits",0250
MAMOGAUSKRAAL,0265
MAMOTINTANE,0727
MAMRE,7347
MANABA BEACH,4276
"MANCORP MINE (Monday,Tuesday,Thursday & Friday)",8423
"MANDALAY, Mitchells Plain",7785
MANDINI,4490
MANDLAMAKHULU,2338
MANDLAZINI,3880
MANENBERG Boxes,7767
MANENBERG Streets,7764
MANGANENG,1127
MANGAUNG,9307
MANGENI (Monday & Thursday Only),3012
"MANGOLD PARK, Port Elizabeth",6070
MANGUZI (Wednesday's Only),3973
MANKURWANE,8345
MANKWENG,0727
MANLEY FLATS,6145
"MANOR GARDENS, Durban",4001
"MANOR, Pietermaritzburg",3201
"MANORS, Pinetown",3610
"MANTEVREDE, Vanderbijlpark",1911
"MANTHESTAD, Taung",8585
"MANUFACTA, Roodepoort",1724
MANYANDENI,2381
"MANYATSENG, Ladybrand",9745
MANYELETI (48 Hours Only),1362
"MANZIL PARK, Klerksdorp",2570
MANZINI,3815
"MAOKENG, Kroonstad",9499
MAPELA (Tuesdays Only),0610
"MAPETLA & Ext/Uit, Tshiawelo",1818
"MAPETLA EAST, Tshiawelo",1818
"MAPETLA-OOS, Tshiawelo",1818
MAPHANG,1270
MAPHUMULO,4470
"MAPLETON EXT 12, Rusloo",1468
MAPOTLA,0472
MARA,0934
"MARABASTAD, Pretoria",0002
"MARAFE, kwaXuma",1868
"MARAIS STEYN PARK, Edenvale",1609
"MARAIS Tsp/Dgd, Port Elizabeth/ Gqeberha",6001
MARAISBURG Boxes,1700
"MARAISBURG, Florida",1709
MARAPONG,0553
MARAPYANE (Special Trip & Add Charges Apply),0410
"MARAPYANE, SKILPADFONTEIN (Special Trip & Add Char",0410
"MARATENG, Postmasburg",8420
MARBLE HALL,0450
MARBLE RAY,4035
"MARBURG, Port Shepstone",4240
"MARCHAND  (Monday, Wednesday & Friday)",8873
"MARCHANTDALE, Port Elizabeth",6025
"MARCONI BEAM, Milnerton",7441
"MAREETSANE, North West (Wednesday Only)",8672
MARGATE,4275
MARHOLENI (Tues & Thurs Only),0960
"MARIANN RIDGE, Pinetown",3610
MARIANNHILL Boxes,3601
"MARIANNHILL PARK, Pinetown",3610
"MARIANNHILL, Pinetown",3610
"MARIANNRIF, Nagina",3604
"MARIANNRIF, Pinetown",3610
MARIEPSKOP (Tuesday & Thursday Only),1383
MARIKANA,0284
"MARIMBA GARDENS, Rusloo",1468
MARINA BEACH,4281
"MARINA DA GAMA, Muizenberg",7945
"MARINA Est/Lgd, Retreat",7785
"MARINA Est/Lgd, Somerset west",7130
"MARINA MOORINGS, Muizenberg",7945
"MARINDA PARK, Kuilsrivier",7580
"MARINE PARADE, DURBAN Box",4056
"MARINE PARADE, Durban",4001
"MARINO HEIGHTS, Durban",4001
MARISHANE,1064
"MARISTER, Benoni",1623
MARITE (Monday Only),1284
"MARIVENI, Limpopo",0850
MARKEN,0605
"MARKET SQUARE, GRAHAMSTOWN/ Makhanda",6141
"MARKET SQUARE, Kimberley",8301
"MARKET SQUARE, Kingwilliams/ Qonce",5600
"MARKMAN Tsp/Dgd, Port Elizabeth",6210
"MARKPLEIN, GRAHAMSTAD/ Makhanda",6141
"MARKPLEIN, Kimberley",8301
"MARKPLEIN, Kingwilliams/ Qonce",5600
"MARLANDS, Primrose",1401
MARLBORO,2063
MARLBORO Boxes,2063
"MARLBORO Ext/Uit 1, Johannesburg",2090
"MARLBORO GARDENS, Marlboro",2063
"MARLBORO TUINE, Marlboro",2063
"MARLBOROUGH PARK, Brackenfell",7560
"MARLBOROUGH PARK, Durban",4052
"MARLBOROUGH PARK, Rondebosch",7700
MARLOTH PARK,1340
MARNITZ,0620
"MAROELADAL, Fourways",2191
"MAROELANA, Pretoria",0081
MAROELASFONTEIN,0360
MAROKOLONG,0400
MAROTENG,0626
MARQUARD (Mon & Thurs Only),9610
"MARSEILLES (Monday,Wednesday & Friday)",9747
MARSHALL ISLANDS,Z009
MARSHALLTOWN Boxes,2107
"MARSHALLTOWN, Johannesburg",2001
"MARTIN'S VILLA, Somerset West",7130
MARTINDALE Cape Town,6146
"MARTINDALE, Johannesburg",2092
MARTINIQUE,Z009
MARULANENG,1067
"MARVELLO PARK, Bellville",7530
"MARVIN PARK, Somerset West",7130
MARYDALE  (Thursday Only),8910
"MARYVALE, Johannesburg",2192
MASEKE,1390
MASEMOLA,1060
"MASERU, LESOTHO",Z400
"MASHAENG, Fouriesburg",9725
"MASHAMOTHANE, Burgersfort ( Mon & Wednesday Only)",1150
MASHASHANE (Wednesday Only),0743
"MASHIFANE PARK, Burgersfort",1150
"MASHISHIMALE  (Mon,Wed & Frid Only)",1395
MASHISHING (LYDENBURG),1120
MASIA (Tuesday Only),0944
MASIBEKELA (Wednesday 7 Friday Only),1342
"MASILO, Theunissen",9410
"MASIONS MILL, Pietermaritzburg",3201
MASIPHUMELELE,7975
MASOBE,0414
MASOBYE,0414
MASODI (Tuesday's & Thursday's Only),0646
MASOHENG,1908
"MASONS MILL, Pietermaritzburg",3201
"MASOYI, Hazyview",1242
MATAFFIN,1205
MATALDI VILLAGE,0555
"MATALENG, Barkly West (Monday,Wednesday & Friday)",8375
"MATATIELE (Monday,Wednesday & Friday)",4730
MATCO,2275
MATHABATHA (Monday Only),0733
MATHIBASKRAAL,0734
MATHIBESTAD,0418
MATHIPANE,0870
MATHULE,0945
MATIBIDI (Thursday Only),1274
MATIKO XIKAYA-A,6245
MATIMBA,0558
"MATIMBA POWER STATION, Ellisras (Lephalale)",0555
"MATJIES RIVER ( Monday, Wednesday & Friday only)",6634
MATJIESFONTEIN (Tuesday Only),6901
"MATJIESRIVIER ( Monday, Wednesday & Friday only)",6634
"MATLA ( Monday,Wednesday & Friday)",2274
MATLALA,0634
MATLOSANE,2575
MATOKS,0800
"MATOLA FARM, Pinetown",3610
MATOOSTER,0316
MATROOSFONTEIN,7490
"MATSAMO ( Monday, Wednesday & Friday Only)",1331
MATSULU,1203
MATSWALE,0900
MATTHYS ZYN LOOP,0458
"MAUBANE ( Monday's, Wednesday, Friday)",0412
MAURITANIA - Nauakchott,Z008
MAURITANIA - Other Areas,Z008
MAURITIUS - Other Areas,Z003
MAURITIUS - Port Louis,Z004
MAVHUNDA,0920
"MAX GOODMAN PARK, Johannesburg",2094
MAXAKENI (Wednesday Only),1283
"MAXIPAK, Edenvale",A019
"MAXMEAD, Pinetown",3610
MAYBERRY PARK & Ext/Uit 1,1449
MAYDON WHARF Boxes,4057
"MAYDON WHARF, Durban",4001
MAYDONKAAI Busse,4057
"MAYDONKAAI, Durban",4001
"MAYFAIR NORTH, Johannesburg",2092
"MAYFAIR WEST, Johannesburg",2092
"MAYFAIR, JOHANNESBURG Box",2108
"MAYFAIR, Johannesburg",2092
"MAYFAIR-NOORD, Johannesburg",2092
"MAYFAIR-WES, Johannesburg",2092
"MAYFIELD PARK, Johannesburg",2091
MAYFLOWER (Thursday's Only),2339
"MAYNARDVILLE, Wynberg",7800
MAYOR'S WALK Boxes,3208
"MAYOR'S WALK, Pietermaritzburg",3201
MAYVILLE Boxes,4058
"MAYVILLE, Durban",4091
"MAYVILLE, Durban",4091
"MAYVILLE, Pretoria",0084
MAZENZELE,2624
MAZEPPA BAY,4960
MBAZWANA,3974
MBEKWENI,7626
MBOMBELA (NELSPRUIT),1200
MBONGOLWANE,3820
"MBUQE PARK, Mthatha",5100
MCE JOHANNESBURG,A020
MCE PRETORIA,A021
MDANTSANE,5219
"MEADOW Est/Lgd, Rondebosch",7700
"MEADOWBROOK, Edenvale",1609
"MEADOWDALE, GERMISTON",1401
"MEADOWHURST, Jukskeipark",2153
MEADOWLANDS Boxes,1851
"MEADOWLANDS Ext/Uit, Meadlands",1852
MEADOWLANDS Streets,1852
"MEADOWRIDGE, Plumstead",7800
MEDICO,9319
MEDUNSA,0204
"MEDUPI POWER STATION, Ellisras (Lephalale)",0555
MEER EN SEE Boxes,3901
"MEER EN SEE, Richards Bay",3901
"MEERENDAL Est/Lgd, Retreat",7785
"MEERHOF, Hartbeespoort",0216
MEERLUS (Wednesday Only),1090
"MEEWAN FARMS, Tarkastad",5370
"MEGAWATT PARK, Sunninghill",2157
MEHLARENG,0626
MEHLOMNYAMA,4246
"MEIRINGSPARK, Klerksdorp",2570
"MEIRINGSPARK, Worcester",6850
"MEISIES HALT, East London",5201
MELK RIVER (Wednesday's Only),0541
MELKBOSSTRAND,7441
MELKBOSSTRAND Boxes,7437
MELKRIVIER  (Wednesday's Only),0541
MELMOTH,3835
"MELODIE, Hartbeespoort",0216
"MELODIE, Hartbeespoort",0216
"MELODING, Virginia",9430
MELON,6365
"MELOPARK, Lansdowne",7780
"MELROSE ESTATE, Johannesburg",2196
"MELROSE GARDENS, Johannesburg",2196
"MELROSE NORTH, Johannesburg",2196
"MELROSE, Johannesburg",2196
"MELROSE-NOORD, Johannesburg",2196
MELTON ROSE Boxes,7101
"MELTON ROSE, Eersterivier",7100
"MELTONWOLD (Monday, Wednesday & Friday)",7071
MELVILLE Boxes,2109
"MELVILLE, Johannesburg",2092
"MELVILLE, Stanger/ KwaDukuza",4450
MEMEL (Special Trip)( Wednesday),2970
"MENKENKOP, Mosselbay",6500
MENLO PARK Boxes,0102
"MENLO PARK, Pretoria",0081
"MENLYN, Pretoria",0181
"MENTE VREDE, Vanderbijlpark",1911
MENTZ,0729
"MEQHELENG, Ficksburg",9725
MERAFONG Boxes,9483
"MERAFONG, Odendaalsrus",9480
MEREBANK Boxes,4059
"MEREBANK, Durban",4052
"MEREDALE & Ext/Uit 2 & 4,",2091
MERENCOR,8465
"MEREWENT, Durban",4052
"MERRIESPRUIT, Virginia",9433
"MERRIESPRUIT, Virginia",9430
MERRIMAN (Special Trip),7011
MERRIVALE,3291
"MERROW DOWN, Bryanston",2021
"MERRYDALE PARK, Mitchells Plain",7785
"MERRYDALE, Mitchells Plain",7785
MERWEVILLE (Monday & Thursday),6940
MESSINA (MUSINA),0900
"METRO Tsp/Dgd, Paardeneiland",7405
METSIMATSHO (Frieght Dependant),9873
"METZ (Mon,Wed,Fri Only)",0891
"MEULSTRAAT, KAAPSTAD",8010
MEXICO - Mexico City,Z007
MEXICO - Other Areas,Z008
"MEYERHOF, Bellville",7530
"MEYERHOF, Bothaville",9660
"MEYERSDAL, Alberton",1449
"MEYERSPARK & Ext/Uit 8,",0184
MEYERSPARK Boxes,0103
MEYERTON,1960
"MEYERTON PARK, Meyerton",1960
"MEYERVILLE, Standerton",2430
MFOLOZI,3925
"MFULENI, Cape Town",7100
MFUME,4160
MGWALI,4934
MHINGA,0976
MHLATI FARM,1320
MHLUNGWANE (Wednesday Only),3121
"MHLUZI, Middelburg",1053
"MHLUZI, Middelburg (Tvl)",1050
MICA,1382
MICHAUSDAL Boxes,5884
"MICHAUSDAL, Cradock",5880
"MICOR, Johannesburg",2092
MICRONESIA,Z009
MID ILLOVO,3750
"MID-ENNERDALE, Odin Park",1825
MIDDELBURG - MPUMALANGA,1050
MIDDELBURG EC (Serviced by BFN),5900
MIDDELBURG EC (Serviced by PLZ),5900
"MIDDELBURG SOUTH, MPUMALANGA",1050
"MIDDELBURG-SUID, MPUMALANGA",1050
MIDDELPLAAS,6630
"MIDDELPOS, Cape Town",8193
"MIDDELPOS, Upington",8801
MIDDLEDRIFT (Special Trip) (Freight permitting),5685
"MIDDLETON ( Twice a week, Freight Permitting)",5810
"MIDDLETON, Caledon",7230
"MIDHURST Est/Lgd, Constantia",7800
MIDLANDS,3300
MIDRAND,1685
"MIDROS, Middelburg",5900
"MIDSTREAM, Halfway House",1692
MIDVAAL,1945
"MIDWAY, Bloemfontein",9326
"MIEDERPARK, Potchefstroom",2531
"MIEDERPARK, Potchefstroom",2527
MIER (Monday Only),8811
MIGDOL,2775
"MIKRO PARK, Kuilsrivier",7580
"MILAN PARK, Bethal",2310
"MILL HILL & Ext/Uit,",2060
"MILL PARK, Port Elizabeth/ Gqeberha",6001
"MILL STREET, CAPE TOWN",8010
"MILLARD GRANGE, Port Elizabeth/ Gqeberha",6001
MILLER,6682
"MILLERS POINT, Simonstown",7995
"MILLSITE, Robinson (Tvl)",1761
MILNAVAIR Boxes,7396
"MILNAVAIR, Saldanha Bay",7395
"MILNER Est/Lgd, East London",5201
"MILNER Est/Lgd, Lansdowne",7780
MILNERTON,7441
MILNERTON Boxes,7435
MILNERTON Streets,7441
"MIMOSA PARK, Elsburg",1407
"MIMOSA, Bellville",7530
"MINDALORE NORTH, Krugersdorp",1739
"MINDALORE, Krugersdorp",1739
"MINDALORE-NOORD, Krugersdorp",1739
"MINERALIA, Middelburg",1050
"MINERVA PARK, East London",5247
MINNEBRON Boxes,1549
"MINNEBRON, Brakpan",1549
"MINT VILLAGE, Kimberley",8301
"MIRAMAR, Port Elizabeth",6070
MISGUND,6440
"MISSIONVALE, Port Elizabeth",6020
"MITCHELL STREET, PRETORIA",0104
MITCHELLS PLAIN,7785
"MITCHELLSTRAAT, PRETORIA",0104
"MIXBOX AUTOMOTIVE, JOHANNESBURG",A022
MKHONDO ( PIET RETIEF),2380
MKHUHLU (Monday's Only),1246
"MKONDENI, Pietermaritzburg",3201
MKONJANE (Tuesday & Thursday),3007
MKUZE,3965
MLAMBO,3975
MLUNGISI (Special Trip),5321
MMABATHO,2735
"MMAFEFE  (Mon,Wed & Frid Only)",0738
MMAKAU,0208
MMAMETLHAKE,0431
"MMOTONG, Polokwane",0742
MMOTWANENG,1059
"MNANDI, Somerset East",5850
"MNANDI, Wierdapark",0149
"MNATO, Ntokozweni",4066
MOBENI,4052
MOBENI Boxes,4060
"MOBENI HEIGHTS, Durban",4092
"MOBENI, Durban",4052
"MODDER EAST ORCHARDS, Delmas",2210
"MODDER EAST, Springs",1559
MODDER RIVER,8700
"MODDER-OOS, Springs",1559
"MODDERBEE, Benoni",1501
"MODDERDAM, Lavistown",7490
MODDERFONTEIN,1645
"MODDERFONTEIN SlHs/Khw,",2065
MODDERPOORT  (Special Only),9746
MODDERRIVIER,8700
MODDERSPRUIT,0274
"MODEL VILLAGE, Johannesburg",2091
"MODELKLOOF, Ladysmith",3370
"MODELPARK, Witbank/ Emalahleni",1035
MODIMOLLE (NYLSTROOM),0510
MODJADJI (Tues & Thurs Only),0837
MODJADJISKLOOF(DUIWELSKLOOF) (Tues & Thurs Only),0835
MOEDWIL,0315
"MOEMANENG, Marquard",9610
"MOETLADIMO (Mon,Wed,Fri Only)",0891
"MOFFAT VIEW, Johannesburg",2197
"MOFOLO CENTRAL, Meadowlands",1852
"MOFOLO NORTH, Meadowlands",1852
"MOFOLO SOUTH, Meadowlands",1852
"MOFOLO VILLAGE, Meadowlands",1852
"MOFOLO-NOORD, Meadowlands",1852
"MOFOLO-SUID, Meadowlands",1852
"MOGALE, Krugersdorp",1739
MOGANYAKA,0459
"MOGAUNG, Groblersdal ( Tuesdays & Thursdays Only)",0470
"MOGHUL PARK, Kimberley",8301
MOGODUMO,0735
MOGOJANENG,8577
"MOGOTO VILLAGE, Zebediela",0627
"MOGUL PARK, Kimberley",8301
MOGWADI (DENDRON) (Tuesday & Thursday Only),0715
MOGWASE,0302
"MOHADIN, Potchefstroom",2520
MOHLAKENG,1766
MOHLALETSI,1124
"MOIKOTSO, Lichtenburg",2740
"MOJUTENG, Witbank/Emalahleni",1035
MOKODUMELA,9868
MOKOPANE (POTGIETERSRUS),0601
MOKOPANE (POTGIETERSRUS),0600
MOKWAKWAILA,0862
"MOLAPO & Ext/Uit, Tshiawelo",1818
"MOLAPO VILLAGE, Tshiawelo",1818
MOLDOVA,Z008
MOLEN DRIFT,6537
"MOLENVLIET, Mowbray",7700
MOLETJIE,0707
MOLETLANE,0697
"MOLETSANE, kwaXuma",1868
MOLOPO RIVER,8680
MOLOPORIVIER,8680
MOLOTO,1022
MOLOTOTSI ((Tuesdays & Thursdays Only),0827
MOLSVLEI,8202
MOLTENO ( Monday's & Thursday Only),5500
MON LE SEUR FARM,4420
"MON REPOS, Durbanville",7550
MONACO - Monte Carlo,Z007
"MONAKATO, Rustenburg",0300
"MONAVONI, Wierdapark",0149
"MONCHANEL FARM, Stellenbosch",7600
MONDEOR Boxes,2110
"MONDEOR, Johannesburg",2091
MONGOLIA,Z009
MONSERRAT,Z009
MONSTERLUS (Tuesdays & Thursdays Only),1088
MONT-AUX-SOURCES (Freight Dependant),3353
MONTAGU ( Tuesday & Thursday Only),6720
"MONTAGU Est/Lgd, Grassy Park",7785
"MONTAGU GIFTS Est/Lgd,",7945
MONTAGUE GARDEN,7441
"MONTAGUE GARDENS, Milnerton",7441
"MONTAGUE TUINE, Milnerton",7441
"MONTANA, De Aar",7000
"MONTANA, Matroosfontein",7490
"MONTANA, Pretoria",0151
MONTANAPARK,0151
MONTCLAIR Boxes,4061
"MONTCLAIR, Durban",4011
"MONTCLAIR, Johannesburg",2092
"MONTCLAIR, Mitchells Plain",7785
"MONTCLAIR, Somerset West",7130
"MONTE VIDEO, Matroosfontein",7490
MONTE VISTA Boxes,7461
MONTE VISTA Streets,7460
"MONTEREY Est/Lgd, Constantia",7800
"MONTFORD, Chatsworth",4092
"MONTGOMERY PARK, Johannesburg",2195
"MONTPARK, Johannesburg",2195
"MONTROSE Est/Lgd, Plumstead",7800
"MONTROSE, Harrismith (Serviced out of Bethlehem)",9595
"MONTROSE, Pietermaritzburg",3201
"MONTROUX, Johannesburg",2195
MONTSHIWA,2737
"MONUMENT HEIGHTS, Kimberley",8301
"MONUMENT, Krugersdorp",1739
MONUMENTPARK & Ext/Uit 2,0181
MONUMENTPARK Boxes,0105
MONZI,3973
"MOODIEHILL, Morningside",2057
"MOOI RIVER, KZN",3300
"MOOIBANK, Potchefstroom",2520
"MOOIGEZIGHT, Bellville",7530
"MOOIKLOOF RIDGE, Pretoria",0081
"MOOIKLOOF, Pretoria",0081
MOOINOOI,0325
MOOIPLAAS,5288
MOOIPLAATS,0036
"MOOIRIVER MALL, Potchefstroom",2520
"MOOIRIVIER, KZN",3300
"MOOIVALLEIPARK, Potchefstroon",2520
"MOOIVERWACHT, Bellville",7530
MOOKETSI (Tues & Thurs Only),0825
MOOKGOPONG (NABOOMSPRUIT),0560
"MOOLENBERG Est/Lgd, Rondebosch",7700
MOOLMAN (Thursday Only),2387
MOORREESBURG,7310
"MOORTON, Chatsworth",4092
"MOPANE (Mon,Wed,Fri Only)",0925
MOPHELONG,1911
MORAVIA,7322
MOREBENG (SOEKMEKAAR)(Mon;Wed;Fri Only),0810
MOREBENG(SOEKMEKAAR)(Mon;Wed;Fri Only),0810
"MOREGLOED, Pietersburg",0699
"MOREGLOED, Pretoria",0186
"MOREGROVE, Port Elizabeth",6025
"MOREHILL & Ext/Uit 2,",1501
"MORELETAPARK, Pretoria",0044
"MORELIG, Bethlehem",9700
MORESKOF Boxes,9462
"MORESKOF, Welkom",9459
"MORET, Randburg",2194
"MOREWAG, Kroonstad",9499
MORGAN'S BAY (Tuesday's & Friday's Only),5292
"MORGANRIDGE & Ext/Uit 2,",1459
MORGANSBAAI (Tuesday's & Friday Only),5292
"MORGENSTER, Brackenfell",7560
"MORGENSTER, Mitchells Plain",7785
MORGENZON (Mondays Only),2315
MORGENZON HEIGHTS Brackenfell,7560
"MORNING HILL, Bedfordview",2008
"MORNINGSIDE HILLS, Morningside",2057
"MORNINGSIDE MANOR,",2052
"MORNINGSIDE SUMMIT, Morningside",2057
"MORNINGSIDE, Bryanston",2057
"MORNINGSIDE, Durban",4001
"MORNINGSIDE, East London",5201
"MORNINGSIDE, Maitland",7405
"MORNINGSIDE, Port Elizabeth",6025
"MORNINGSIDE, Somerset West",7130
"MORNINGSIDE, Tokai",7785
"MORNINGSTAR, Diepriver",7800
"MORNINGSTAR, Durbanville",7550
MOROCCO - Casablanca,Z008
MOROCCO - Other Areas,Z008
"MOROJANENG, Dewetsdorp",9940
"MOROKA & Ext/Uit, Tshiawelo",1818
MOROKA Boxes,1860
"MOROKA NORTH, Tshiawelo",1818
"MOROKA-NOORD, Tshiawelo",1818
MOROKE,1154
MOROKWENG (Fridays Only),8614
MOROLONG,0433
"MOROTENG VILLAGE, Potgietersrus",0600
MORRISON,4226
MORTIMER (Thursday Only),5870
MORULENG,0318
"MOSELEY PARK, Pinetown",3610
"MOSELEY, Queensburgh",4093
MOSELVILLE,6232
"MOSHANA, Zeerust (Special Trip)",2865
MOSORONI,0874
MOSSEL BAY,6500
MOSSEL BAY (Serviced out of PLZ),6500
MOSSELBAAI,6500
"MOSTERTSDRIFT, Stellenbocsh",7600
"MOSTYN PARK, Honeydew",2040
MOTEBONG,2514
MOTETEMA,0473
MOTETI,0477
"MOTHERWELL, Swartkops",6210
MOTHIBISTAD,8460
"MOTHUTLUNG, Brits ( Thursday Only)",0250
MOTLHABENG,2735
MOTORTOWN,2111
MOTSEMOTSE,2282
MOTSETHABONG,9463
MOTSWEDI VILLAGE (Special Trip),2870
"MOTUS, MEADOWVIEW",A023
"MOUILLE POINT, Cape Town",8001
MOUNT AYLIFF (Tuesday & Thursday),4735
MOUNT AYLIFF Special Trip)(Tuesday & Thursday),4734
"MOUNT CROIX, Port Elizabeth/ Gqeberha",6001
MOUNT EDGECOMBE,4300
MOUNT FLETCHER (Tuesday & Thursday),4771
MOUNT FLETCHER (Tuesday & Thursday),4770
MOUNT FRERE (Serviced by ELS) (Thursday Only),5090
"MOUNT MORIAH, Durban",4091
"MOUNT PLEASANT, Hermanus",7200
"MOUNT PLEASANT, Port Elizabeth",6070
"MOUNT ROAD TOWNSHIP, Port Elizabeth/ Gqeberha",6001
"MOUNT VERNON, Durban",4094
"MOUNT VIEW, Lansdowne",7764
"MOUNT VIEW, Verulam",4340
"MOUNTAIN GREEN VILLAGE,",7785
"MOUNTAIN GREEN, Retreat",7785
"MOUNTAIN RISE, Pietermarizburg",3201
MOUNTAIN VIEW Boxes,0107
"MOUNTAIN VIEW Est/Lgd, Milnerton",7441
"MOUNTAIN VIEW VILLAGE, Retreat",7945
"MOUNTAIN VIEW, Johannesburg",2192
"MOUNTAIN VIEW, Matataiele",4730
"MOUNTAIN VIEW, Middelburg",1050
"MOUNTAIN VIEW, Paarl",7646
"MOUNTAIN VIEW, Pretoria",0082
"MOUNTAIN VIEW, Uitenhage/ Kariega",6230
"MOUNTVIEW, Milnerton",7441
"MOUTH VIEW, Pietermaritzburg",3201
MOWBRAY,7700
MOWBRAY Boxes,7705
"MOWBRAY, Rondebosch",7700
MOYAMKHULU,2519
MOZAMBIQUE - Maputo,Z003
MOZAMBIQUE - Other Areas,Z300
"MOZODO, Meadowlands",1852
MPHAHLELE,0736
"MPHANAMA, Mpilo",1069
MPHATLALATSANE,1769
MPHOGODIBA,0732
MPILO,1069
MPOLWENI,3430
MPOPHOMENI,3291
MPUDULLE,1057
MPULUZI (Thursday Only),2335
"MPUNZI DRIFT (Monday,Wednesday & Friday)",4261
MQANDULI (Monday Only),5080
"MSHENGUVILLE, Meadowlands",1852
MSHOLOZI,1240
MSINDO,0456
MSOGWABA (Tuesday & Thursday Only),1215
"MT FARM,Tshipise ( Tues & Thurs Only)",0901
MTAMVUNA,4683
MTHAMBOTHINI,0462
MTHATHA (UMTATA),5100
MTUBATUBA,3935
MTUNZINI,3867
MTWALUME,4186
"MUCKLENEUK, Pretoria",0002
MUDEN,3501
"MUDIMELI, MAKHADO",0920
MUDZEDZI/MUNZHEDZI ( Teus & Thurs Only),0948
MUGENA (On Request),1366
MUHLAVA,0876
MUIZENBERG Boxes,7950
MUIZENBERG Streets,7945
"MUKULA, Thohoyandou",0978
"MULBARTON Ext/Uit 1 - 4,",2059
"MULBARTON SOUTH, Glenvista",2059
"MULBARTON, Glenvista",2059
"MULBARTON-SUID, Glenvista",2059
MULDERSDRIF,1747
MULDERSDRIF,1747
MULDERSVLEI,7606
MULEDANE,0951
MULODI,0970
MUNNIK,0703
"MUNSIEVILLE, Krugersdorp",1739
MUNSTER,4278
MURCHISON,4250
"MURDOCH VALLEY, Simonstown",7995
"MURRAYFIELD & Ext/Uit 1,",0184
MURRAYSBURG (Tuesdays & Fridays),6995
MUSGRAVE,4001
"MUSGRAVE ROAD, DURBAN",4062
"MUSGRAVEWEG, DURBAN",4062
"MUSHWELLDALE, Boksburg",1459
MUSINA (MESSINA),0900
MUTALE (Mondays Only),0956
MUTHATHI,0976
"MUTUAL/STA, Maitland",7405
MUZIMUHLE Boxes,2627
"MUZIMUHLE, Orkney",2620
"MVUNTSHINI, Margate",4275
MVUNYANA,3120
MYANMAR BURMA,Z009
"MYBURGH PARK, Langebaan",7357
"MYEZE, Mthatha",5100
"MYNGENOEGEN, Polokwane",0699
MZAMOMHLE Boxes,5522
"MZAMOMHLE, Burgersdorp",5520
"MZINGIZI, Cedarville (Monday,Wednesday & Friday)",4720
MZINI,1768
"MZINTI (Monday, Wednesday & Friday Only)",1352
McGREGOR (Tuesday's & Thursday Only),6708
"McNAMEE VILLAGE, Port Elizabeth",6200
"McNAUGHTON, Uitenhage",6241
"N11 ROAD FARM, Groblersdal",0470
NAAS (Special Trip) (Wednesday & Friday Only),1379
"NAAUWPOORT, Witbank/Emalahleni",1035
NABABEEP,8265
NABOOMSPRUIT (MOOKGOPONG),0560
NAGINA,3604
NAGLEWOOD,4063
"NAHOON DAM, East London",5201
"NAHOON VALLEY PARK, East London",5241
"NAHOON VALLEY, East London",5241
"NAHOON, East London",5210
"NAHOON, East London",5241
"NALEDI & Ext/Uit, kwaXuma",1868
NALEDI - Soweto,1861
"NALEDI, Sasolburg",1947
"NAMAKGALE (Mon, Wed & Fri Only)",1391
NAMIBIA - Other Areas,Z200
NAMIBIA - Windhoek,Z002
"NANAGA, Gqeberha (Tuesday's & Friday's Only",6185
"NANCEFIELD HOSTEL, Pimville",1808
NANCEFIELD INDUSTRIAL SIT,1812
"NANCEFIELD, Kliptown",1812
"NANCEFIELD, MUSINA LIMPOPO",0900
NAPIER,7270
"NAPIERVILLE, Pietermaritzburg",3201
"NARUNA Est/Lgd, Southfield",7800
"NASHVILLE, Pimville",1808
NATALSPRUIT,1449
"NATURENA,",2064
"NATURES VALLEY, George",6600
"NATURES VALLEY, Somerset west",7130
"NAUDEVILLE, Welkom",9459
"NAVALSIG, Bloemfontein",9301
"NAVORSDORP, Pretoria",0184
"NAZARETH, Middelburg",1050
"NAZARETH, Pinetown",3600
"NCAMBEDLANA, Mthatha",5100
NCANARA,6180
"NCANDU PARK, Newcastle",2940
"NCERA, East London",5201
"NCOME, Vryheid ( Monday and Wednesday )",3100
NDABAKAZI,4962
"NDABENI, Maitland",7405
"NDEVANA, Kingwilliams/ Qonce",5600
"NDLOVUMZI NATURE RESERVE, Hoedspruit",1380
NDULINDE,3803
NDUMU ( Wednesday Only),3965
NDUNDULU,3817
NDWEDWE,4342
NEANDERTAL,0714
"NEAVE Tsp/Dgd, Port Elizabeth",6020
NEBO,1059
"NEDERBERG, Kuilsriver",7580
NEDERBURG Boxes,7627
"NEDERBURG, Paarl",7646
"NEDERLANDPARK, Ermelo",2350
"NEHINA Est/Lgd, Plumstead",7800
NEILERSDRIF  (Thursday Only),8862
"NELINDIA, Nelspruit",1201
"NELLMAPIUS, Pretoria",0122
"NELSPOORT (Monday, Wednesday & Friday)",6973
NELSPRUIT (MBOMBELA),1200
"NELSVILLE, Nelspruit/ Mbombela",1200
NEPAL - Kathmandu,Z009
"NERINA, Durbanville",7550
"NERISSA Est/Lgd, Lansdown",7780
"NERISSA, Rondebosch",7780
"NESERHOF, Klerksdorp",2570
NETHERBY,4550
NETHERLANDS - Amsterdam,Z005
NETHERLANDS - Other Areas,Z005
NETHERLANDS - Rotterdam,Z005
"NETREG, Bontheuwel",7764
"NEW BATAVIA, Rondebosch",7700
NEW BRIGHTON,6200
"NEW BRIGHTON VILLAGE,",6205
"NEW BRIGHTON, De Aar",7000
"NEW BRIGHTON, Johannesburg",2196
"NEW BRIGHTON, Somerset East",5850
NEW CALEDONIA,Z009
NEW CALEDONIA - Noumea,Z009
"NEW CANADA, Johannesburg",2093
"NEW CENTRE, Johannesburg",2001
"NEW CLYDESDALE, Van Dyksd",2245
"NEW CROSS ROADS, Guguletu",7755
"NEW DAWN PARK, Durban",4051
"NEW DOORNFONTEIN, Johannesburg",2094
"NEW EAST END, Bloemfontein",9300
"NEW ERA, Springs",1559
NEW GERMANY Boxes,3620
NEW GERMANY Streets,3610
NEW HANOVER,3440
"NEW HOLMES, Pietermaritzburg",3201
"NEW INDUSTRIAL AREA, Tzaneen",0850
"NEW INDUSTRIAL, Polokwane",0699
"NEW LOCATION, Brandfortein",9400
"NEW LOCATION, Randfontein",1760
"NEW MACASSAR VILLAGE,",7130
NEW MACHAVIE,2529
"NEW MODDER, Benoni",1501
"NEW MUCKLENEUK, Pretoria",0181
"NEW ORLEANS, Paarl",7646
"NEW PARK, Kimberley",8301
"NEW REDRUTH, Alberton",1449
"NEW REST, Queenstown/ Komani",5320
"NEW STATE AREAS, Springs",1559
"NEW TAFELSIG, Mitchells Plain",7785
"NEW Tsp/Dgd, Kimberley",8301
"NEW WOODLANDS, Mitchells Plain",7785
NEW ZEALAND - Auckland,Z007
NEW ZEALAND - Other Areas,Z007
"NEWARK, Darnall",4480
NEWCASTLE,2940
NEWCASTLE Boxes,2940
NEWCLARE Boxes,2112
"NEWCLARE, Johannesburg",2093
"NEWFIELDS, Athlone",7764
NEWLANDS (Cape Town) Stre,7700
NEWLANDS Cape Town,7725
"NEWLANDS EAST, Durban",4051
"NEWLANDS WEST, Durban",4051
"NEWLANDS, Beaufort West (Mon, Wed, Fri)",6970
"NEWLANDS, Durban North",4051
"NEWLANDS, Johannesburg",2092
"NEWLANDS, Pretoria",0081
"NEWLANDS-OOS, Durban",4051
"NEWLANDS-WES, Durban",4051
"NEWMARKET PARK, Alberton",1449
"NEWMARKET, Alberton",1449
"NEWTON KLOOF, Wellington",7655
NEWTON PARK,6045
NEWTON PARK Boxes,6055
"NEWTON PARK, Port Elizabeth",6045
"NEWTON, Kimberley",8301
NEWTOWN Boxes,2113
"NEWTOWN, Durban",4051
"NEWTOWN, Durbanville",7550
"NEWTOWN, Fort Beaufort",5720
"NEWTOWN, Inanda (Ntl)",4310
"NEWTOWN, Johannesburg",2001
"NEWTOWN, Wellington",7655
NEWVILLE,2114
"NGANGELIZWE, Mthatha",5100
NGCOBO (ENGCOBO),5050
NGODWANA ( Wednesday Only),1209
NGODWANA (Wednesday Only),1209
NGOME,3111
NGQAMAKWE ( Wednesday & Friday Only),4990
NGQELENI ( Tuesday Only),5180
"NGQELENI, East London",5201
"NGQELENI, Port Elizabeth/ Gqeberha",5140
NGULA,3378
NGWAABE,1058
NGWEDING (Wednesday's Only),0399
"NGWELEZANE, Empangeni",3880
NHLAZATSHE,3116
NICARAGUA - Managua,Z009
NICARAGUA - Other Areas,Z009
"NICOMAR, Pretoria",0082
NIEKERKSHOOP   (Special Only),8930
NIETGEDACHT,2189
NIETVERDIEND,2874
NIEU-BETHESDA (Wednesday Only),6286
NIEUVELD,6976
"NIEUW MAASTRICHT, Cape Town",7550
"NIEUW MUCKLENEUK, Pretoria",0181
NIEUWOUDTVILLE,8180
NIGEL,1490
NIGER - Niamey,Z008
NIGER - Other Areas,Z008
NIGERIA - Lagos,Z007
NIGERIA - Other Areas,Z007
"NIMRODPARK, Kempton Park",1619
"NINAPARK, Pretoria",0156
"NIRVANA Est, Constantia",7800
"NIRVANA, Pietersburg",0699
"NISSANVILLE, Ladismith (Mon, Wed & Friday only)",6655
NJAKANJAKA,0943
NKAMBAKO (Tuesdays & Thursdays Only),0883
NKANDE (Tuesday & Thursday),3024
NKANDLA,3855
"NKANGALA, Middelburg",1050
"NKOLOKOTHO, Mtubatuba",3935
NKOMAZI,1279
"NKOWANKOWA (Mon,Wed,Fri Only)",0870
NKURI (Tuesday Only),0858
NKUZANA,0920
NKWALINI,3816
NKWE,0616
"NKWENKWEZI, Port Alfred",6170
NMMU SUMMERSTRAND,6031
NOBEL,1655
"NOBEL PARK, Bellville",7530
NOENIEPUT (Special Trip),8813
"NOKANENG, Steelpoort",1133
"NOLDICK, Meyerton",1960
NOLL,6462
"NOMPUMELELO, East London",5241
NONDWENI,3137
NONGOMA,3950
NONZWAKAZI Boxes,7002
"NONZWAKAZI, De Aar",7000
"NOODHULP, Bela-Bela ( WARMBATHS)",0480
NOODSBERG,3236
NOOITGEDACHT DAM NATURE RESERVE (Wednesday's Only),1185
"NOOITGEDACHT, Cape Town",7490
"NOOITGEDACHT, Johannesburg",2125
NOORDBRUG Boxes,2522
"NOORDBRUG, Potchefstroom",2520
"NOORDEINDE, Port Elizabeth, Boxes",6056
"NOORDEINDE, Port Elizabeth/ Gqeberha",6001
NOORDER-PAARL Boxes,7623
NOORDER-PAARL Streets,7646
"NOORDGESIG, Orlando",1804
"NOORDHANG, Jukskeipark",2153
"NOORDHEUWEL & Ext/Uit 2,",1739
"NOORDHEUWEL, Alexandria",6185
"NOORDHOEK Cape Town,  Box",7985
"NOORDHOEK, Bloemfontein",9301
"NOORDHOEK, Fish Hoek",7975
"NOORDHOEK, Kroonstad",9499
"NOORDHOEK, Velddrif",7370
NOORDKAAP,1304
"NOORDSIG, EMPANGENI",3880
"NOORDSTAD, Bloemfontein",9301
"NOORDWYK Ext/Uit 1 & 16,",1687
"NOORDWYK, Halfway House",1687
"NOORSEKLOOF, Jeffreys Bay",6330
"NORFOLK PARK, Tokai",7945
NORKEM PARK & Ext/Uit 1 -,1619
NORKEM PARK Boxes,1631
NORMANDIEN ( Wednesday Only),2940
"NORSCOT, Four Ways",2055
"NORTH BANK, East London",5201
"NORTH BEACH, Durban",4001
"NORTH END, East London",5201
"NORTH END, Port Elizabeth, Boxes",6056
"NORTH END, Port Elizabeth/ Gqeberha",6001
"NORTH GATE Est/Lgd, Parow",7500
"NORTH PINE, Brackenfell",7560
NORTH RIDING,2194
NORTH RIDING Boxes,2162
"NORTH RIDING, Randburg",2194
"NORTH SHORE Est/Lgd, Hout Bay",7800
NORTH WEST,2780
NORTH WEST SUBMISSIONS,2745
NORTH YEMEN - Sana,Z000
NORTHAM,0360
NORTHCLIFF,2196
NORTHCLIFF Boxes,2115
NORTHCLIFF Ext/Uit 19 & 2,2196
"NORTHCLIFF VIEW, Johannesburg",2195
"NORTHCLIFF, Hermanus",7200
"NORTHCROFT, Durban",4051
"NORTHDALE, Pietermaritzburg",3201
NORTHDENE Boxes,4064
"NORTHDENE PARK Est/Lgd,",4093
"NORTHDENE, Brakpan",1540
"NORTHDENE, Queensburgh",4093
"NORTHDENE, Vanderbijlpark",1911
"NORTHERN ACRES, Johannesburg",2196
NORTHERN DRAKENSBERG (Special Trip),3350
"NORTHERN IRELAND, Belfast",Z000
"NORTHERN IRELAND, Other Areas",Z000
"NORTHERN PARK, Pietermaritzburg",3201
NORTHGATE,2162
"NORTHHILL, Benoni",1501
NORTHLANDS (Tvl),2116
"NORTHLANDS, Durban",4051
"NORTHLANDS, Johannesburg",2196
NORTHMEAD & Ext/Uit 3 & 4,1501
"NORTHMEAD, BENONI Boxes",1511
NORTHRIDING BT GAMES,A024
"NORTHRIDING, JNB BT GAMES",A025
"NORTHRIDING, Randburg",2194
"NORTHVIEW, Johannesburg",2192
"NORTHVIEW, Kimberley",8301
"NORTHVILLA, Benoni",1501
NORTHWAY Boxes,4065
"NORTHWAY, Durban",4051
"NORTHWOLD, Randburg",2188
"NORTON SlHs/Khw, Germiston",1401
NORVALSPONT,5981
NORWAY - Oslo,Z006
NORWAY - Other Areas,Z006
NORWOOD Boxes,2117
"NORWOOD Est/Lgd, Elsiesriver",7490
"NORWOOD, Johannesburg",2192
"NORWOOD, Mthatha",5100
NOTTINGHAM ROAD,3280
NOTTINGHAMWEG,3280
NOUPOORT,5950
NOUPOORT,5950
"NOYCEDALE, Nigel",1490
NQABENI,4682
NQAMAKWE ( Wednesday & Friday Only),4990
NQANQARHU (MACLEAR),5480
"NQAPHEZULU, Qunu",5101
NQUTU ( Tuesdays & Thursdays),3135
NQWEBA ( KIRKWOOD),6120
NSELENI,3882
NSINGWENI,3806
NTABANKULU (Special Trip)(Tuesday & Thursday),5130
NTABAYENGWE,3968
NTABEBOMVU (Tuesday & Thursday),3008
NTABOZUKO (BERLIN),5660
NTLAFATSONG,9476
"NTLANZAME, Tshiawelo",1818
NTLAZA,5114
NTOKOZWENI,4066
NTSHILINI ( Once a week freight dependent not Frid,5100
NTSIMA,0711
NTUMENI,3830
NTUNJAMBILI,3560
"NTUZUMA, kwaMashu",4360
NUCAM,2355
"NUFFIELD, Springs",1559
NUWE-SMITSDORP,0706
"NUWEDORP, Darling",7345
"NUWEDORP, Springs",1559
"NUWEDORPSGEBIED, Kimberley",8301
"NUWELAND ,Cape Town, Boxes",7725
"NUWELAND, Cape Town, streets",7700
NUWERUS,8201
NWAMANKENA,0915
NWAMANUNGU,0932
NWAMITWA (Tues & Thurs Only),0871
NXUBA (CRADOCK),5880
"NYALA PARK, Empangeni",3880
NYANGA,7755
"NYANGA EAST, Nyanga",7755
"NYANGA-OOS, Nyanga",7755
NYANYADU,3004
"NYLPARK, Potgietersrus",0600
NYLSTROOM (MODIMOLLE),0510
NYONI,3802
"NZALABANTU, Richards Bay",3900
"NZHELELE (Mon,Wed,Fri Only)",0992
"O'KENNEDYVILLE, Bellville",7530
O'KIEP (Special Trip),8270
"OAK GLEN, Bellville",7530
"OAK PARK, Pietermaritzburg",3201
"OAK VIEW, Pietermaritzburg",3201
OAKDALE Boxes,7534
"OAKDALE Est/Lgd, Bellville",7530
"OAKDALE, Bellville",7530
"OAKDENE, Johannesburg",2190
"OAKDENE, Kuilsriver",7580
"OAKLANDS, Johannesburg",2192
"OAKLANDS, Krugersdorp",1739
"OAKLANDS, Rondebosch",7700
"OAKLANDS, Verulam",4340
"OAKLY, Plumstead",7800
"OAKRIDGE Ext/Uit, Plumstead",7800
"OAKTREE AH, Krugersdorp",1739
"OATLANDS SlHs/Khw, Krugersdorp",1739
"OATLANDS, Grahamstown/ Makhanda",6140
OBERHOLZER Boxes,2502
"OBERHOLZER, Carletonville",2500
"OBSERVATION HILL, Ladysmith",3370
OBSERVATORY Cape Town,7935
"OBSERVATORY, Cape Town",7925
"OBSERVATORY, Johannesburg",2198
"OCEAN VIEW, Durban",4052
"OCEAN VIEW, East London",5247
"OCEAN VIEW, Fish Hoek",7975
ODENDAALSRUS,9480
ODENDAALSRUS (Serviced out of BFN),9480
ODIN PARK,1825
"OERDERPARK, Randburg",2194
"OEWERSIG, Potchefstroom",2531
"OFCOLACO (Mon,Wed,Fri Only)",0854
OGIES,2230
OHRIGSTAD (Thursday Only),1122
"OKAVANGO PARK, Brackenfell",7560
OKIEP (Special Trip),8270
"OLD EAST END, Bloemfontein",9300
OLD OAK,7537
"OLD PAYNE, Mthatha",5100
"OLIEVENHOUTBOSCH, Pretoria",0187
OLIFANTPARK,6109
OLIFANTSFONTEIN,1665
OLIFANTSHOEK (Monday & Wednesday),8450
"OLIFANTSKOP, Langebaan",7357
"OLIFANTSNEK, Rustenburg",0299
"OLIVANNA, Krugersdorp",1739
"OLIVE HILLS, Bloemfontein",9301
"OLIVEDALE, Randburg",2158
"OLIVINE Est/Lgd, Lansdowne",7780
"OLYMPUS, Pretoria",0081
OMAN - Muscat,Z007
"ONDEKKERSPARK, Roodepoort",1709
ONDER-SMOORDRIF,5827
"ONDERPAPEGAAIBERG, Stellenbosch",7600
ONDERSTEPOORT,0110
ONDERSTEPOORT,0110
ONRUS RIVER,7201
ONRUSRIVIER,7201
ONSEEPKANS (Tuesday Only),8892
"ONTDEKKERSPARK, Florida",1709
"ONVERWACHT, Cape Town",7603
"ONVERWACHT, Ellisras",0557
"ONZE MOLEN, Durbanville",7550
"OOS-DRIEFONTEIN, Carleton",2500
"OOS-EINDE, Bloemfontein",9301
"OOS-EINDE, Rustenburg",0300
OOS-LONDEN Busse,5200
OOS-LONDEN Strate,5201
OOS-RAND Busse,1462
"OOS-RAND, Boksburg",1459
"OOSEINDE, DURBAN",4018
"OOSPOORT, Johannesburg",2094
OOSTERMOED,0321
"OOSTERSEE Est/Lgd, Parow",7500
OOSTERVELD,2304
"OOSTERVILLE, Upington",8801
"OPHIRTON, Johannesburg",2091
"OPKOMS, Bloemfontein",9306
OPPERMANS  (Special Only),9987
OPWAG  (Thursday Only),8851
"ORANGE FARM, Vereeniging",1939
ORANGE GROVE Boxes,2119
"ORANGE GROVE, East London",5201
"ORANGE GROVE, Johannesburg",2192
"ORANGIA, Welkom",9459
ORANIA,8752
"ORANJEHOF, Springs",1559
ORANJEKRUIN Boxes,8807
"ORANJEKRUIN, Upington",8800
"ORANJESIG, Bloemfontein",9301
ORANJEVILLE,1995
"ORANJEZICHT, Cape Town",8001
ORCHARD Cape Town,6870
"ORCHARD VILLAGE, Retreat",7945
"ORCHARDS Ext/Uit 2, Pretoria",0002
"ORCHARDS VIEW, Nelspruit/Mbombela",1200
"ORCHARDS, Johannesburg",2192
ORIBI Boxes,3205
ORIBI FLATS,4260
"ORIBI, Pietermaritzburg",3201
"ORIEL, Bedfordview",2008
"ORIENT HEIGHTS, Pietermaritzburg",3201
"ORIENT HILLS, Isipingo",4110
"ORIENT PARK, Isipingo",4110
ORKNEY,2620
ORLANDO Boxes,1803
"ORLANDO EAST, Orlando",1804
ORLANDO Streets,1804
"ORLANDO WEST, Orlando",1804
"ORLANDO-OOS, Orlando",1804
"ORLANDO-WES, Orlando",1804
"ORMONDE & Ext/Uit 1 & 3,",2091
"ORNIHAVEN, Bryanston",2021
"ORPHEN GATE, Hoedspruit",1380
"OSHOEK BORDER POST, Ermelo (Thursday's Only)",2356
OSIZWENI,2952
"OSLO BEACH, Port Shepstone",4240
"OSUMMIT, Randburg",2194
OTHONGATI,4399
"OTTANO, Durban",4001
"OTTAWA, Verulam",4340
OTTERY,7800
OTTERY Boxes,7808
OTTOSDAL,2610
OTTOSHOOP,2866
OUBOSRAND,6303
"OUDE MOLEN, Maitland",7405
"OUDE WESTHOF, Cape Town",7530
"OUDEKRAAL, Cape Town",8001
"OUDEWERFPARK, Parys",9585
"OUDORP, Klerksdorp",2570
"OUDORP, Springs",1559
OUDTSHOORN,6620
"OUPLAAS, Knysna",6570
OUSSOREN LABORATORIES,2520
OUTENIQUASTRAND,6525
OUTER WEST,3670
"OUVOLK (Monday,Wednesday & Friday)",2471
"OVERBAKENS, Port Elizabeth",6070
OVERIJSSEL,0606
"OVERKRUIN, Heidelberg",2400
OVERPORT Boxes,4067
"OVERPORT, Durban",4001
OVISTON,9798
OZWATINI,3476
"PAARDEKRAAL, Krugersdorp",1752
"PAARDEKRAAL, Krugersdorp",1739
"PAARDEKRAAL, Rustenburg",0300
PAARDEN ISLAND,7405
PAARDENEILAND Boxes,7420
"PAARDENEILAND, Maitland",7405
"PAARDEVLEI, Somerset West",7130
PAARL,7646
PAARL Boxes,7620
"PAARL EAST, Paarl",7646
"PAARL-OOS, Paarl",7646
"PAARLSHOOP, Johannesburg",2092
"PAARLVALLEI, Somerset West",7130
"PAARLZICHT, Paarl",7646
"PABALLELO, Upington",8800
PABALLONG (Frieght Dependant),9470
PACALTSDORP,6534
"PACALTSDORP INDUSTRIAL, George",6529
"PACALTSDORP, George",6529
"PADDAVLEI (Monday, Wedensday & Friday)",6970
"PADDOCK (Monday,Wednesday & Friday)",4244
"PADDOCK, Port Shepstone",4240
"PADFIELD PARK, Pinetown",3610
"PAGEVIEW, Johannesburg",2092
PAKISTAN - Karachi,Z007
PAKISTAN - Other Areas,Z007
PALAU,Z009
PALEISHEUWEL,8115
"PALM BEACH, KwaZulu Natal",4275
PALM LAKES,4390
"PALM PARK, Goodwood",7460
"PALM RIDGE, Port Elizabeth",6059
"PALM VIEW, Port Shepstone",4240
"PALMIET, Durban",4001
"PALMIETFONTEIN, Polokwane",0699
"PALMLANDS, Bryanston",2021
"PALMRIDGE, Eden Park",1455
"PALMVIEW, Durban",4051
PAMPIERSTAD (Mondays Only),8566
PANAMA,Z009
PANKOP (Thursday's Only),0414
"PANMURE, East London",5201
PANORAMA Boxes,7506
"PANORAMA GARDENS, Pietermaritzburg",3201
"PANORAMA, Bethlehem",9700
"PANORAMA, Empangeni",3880
"PANORAMA, Kroonstad",9499
"PANORAMA, Parow",7500
"PANORAMA, Worcester",6850
PANSIG Boxes,9465
"PANSIG, Welkom",9459
PAPUA NEW GUINEA - Other Areas,Z009
PAPUA NEW GUINEA - Port Moresby,Z009
"PARADISE BEACH, Jeffreys Bay",6330
"PARADISE Est/Lgd,Newlands",7700
"PARADISE PARK, Rusloo",1468
"PARADISE VALLEY, Pinetown",3610
"PARADISE, Knysna",6570
"PARADYSKLOOF, Stellenbosch",7600
"PARADYSSTRAND, Humansdorp",6300
PARAGUAY - Asuncion,Z009
PARAGUAY - Other Areas,Z009
"PARBEL Est/Lgd, Parow",7500
"PARI PARK, Port Elizabeth",6070
"PARK CENTRAL, Johannesburg",2001
"PARK Est/Lgd, Rondebosch",7700
"PARK HILL, Durban North",4051
"PARK ISLAND, Muizenberg",7945
PARK RYNIE,4182
PARK SOUTH Boxes,1910
"PARK SOUTH, Vanderbijlpark",1911
"PARK VIEW, Plumstead",7800
"PARK WEST, Bloemfontein",9301
"PARKDENE, Boksburg",1459
"PARKDENE, George",6529
PARKER'S DAM,6861
"PARKGATE, Table View",7441
"PARKHAVEN, Boksburg",1459
"PARKHILL GARDENS, Germiston",1401
PARKHURST Boxes,2120
"PARKHURST, Johannesburg",2193
"PARKHURST, Kraaifontein",7570
"PARKLANDS, Cape Town",8001
"PARKLANDS, Johannesburg",2121
"PARKMORE, Johannesburg",2196
"PARKRAND & Ext/Uit 1, Boksburg",1459
"PARKRIDGE, East London",5209
"PARKSIDE, East London",5209
"PARKSIDE, Ladismith ( Mon,Wednesday & Friday only)",6885
"PARKSIDE, Port Elizabeth",6020
"PARKSIDE, Queensburgh",4093
PARKTOWN,2193
"PARKTOWN NORTH, Johannesburg",2193
"PARKTOWN WEST, Johannesburg",2193
"PARKTOWN, Athlone Cape Town",7764
"PARKTOWN, Johannesburg",2193
"PARKTOWN, Pretoria",0084
"PARKTOWN-NOORD, Johannesburg",2193
"PARKTOWN-WES, Johannesburg",2193
"PARKVALE, Queenstown/ Komani",5320
PARKVIEW Boxes,2122
"PARKVIEW VILLAGE, Durbanville",7550
"PARKVIEW, Johannesburg",2193
"PARKVIEW, Mitchells Plain",7785
"PARKWES, Bloemfontein",9301
"PARKWOOD Est/Lgd, Retreat",7945
"PARKWOOD, Johannesburg",2193
PARLEMENT,8007
PARLIAMENT,8007
"PARLOCK, Durban",4051
PAROW,7500
PAROW EAST Boxes,7501
"PAROW EAST, Parow",7500
"PAROW INDUSTRIA,",7490
"PAROW NORTH, Parow",7500
"PAROW-NOORD, Parow",7500
PAROW-OOS Busse,7501
"PAROW-OOS, Parow",7500
PAROW-VALLEI Boxes,7503
"PAROWVALLEI, Parow",7500
"PARSON'S VLEI, Port Elizabeth",6025
"PARSONS HILL, Port Elizabeth/ Gqeberha",6001
"PARSONS RIDGE, Port Elizabeth / Gqeberha",6001
"PARSONSHEUWEL, Port Elizabeth/ Gqeberha",6001
"PARTS INC, Linbro Park",2065
PARYS,9585
PATENSIE,6335
PATERNOSTER,7381
PATERSON (Tuesday's & Friday Only),6130
"PATTERSON PARK, Johannesburg",2192
"PAUL KRUGER RESORT, Springs",1559
"PAUL KRUGEROORD, Springs",1559
PAUL ROUX (Serviced out of Bethlehem) (Tues & Thur,9800
PAULPIETERSBURG,3180
"PAULSHOF Ext/Uit 8, Rivonia",2056
"PAULSHOF, Rivonia",2056
PAULUSWEG,0814
PAVILION,3611
PAYNEVILLE,1565
PEACEHAVEN Boxes,1934
"PEACEHAVEN, Pietermaritzburg",3201
"PEACEHAVEN, Vereeniging",1939
"PEARL RISE, Somerset West",7130
PEARLY BEACH,7220
PEARSTON (Monday's Only),5860
"PEDDIE, Eastern Cape",5640
"PEER'S HILL Est/Lgd, Fish Hoek",7975
"PEERLESS PARK EAST, Kraaifontein",7570
"PEERLESS PARK NORTH, Kraaifontein",7570
"PEERLESS PARK, Kraaifontein",7570
"PEERLESS PARK-00S, Kraaifontein",7570
"PEERLESS PARK-NOORD, Kraaifontein",7570
PEFFERVILLE Boxes,5220
"PEFFERVILLE, East London",5209
"PEKALMY Est/Lgd, Bergvliet",7945
PELGRIMSRUS (Tuesday Only),1290
"PELHAM, Pietermaritzburg",3201
"PELICAN HEIGHTS, Cape Town",7149
"PELICAN PARK, Grassy Park",7945
PELINDABA,0240
PELLA (On request),8891
"PELLISSIER, Bloemfontein",9301
"PELLSRUS, Jeffreys Bay",6330
"PELZVALE ( PETSVALE), Randfontein",1759
"PELZVALE, Randfontein",1760
"PEMMO PARK, Pietersburg",0699
"PENDALE AH, Meyerton",1961
"PENDALE AH, Meyerton",1961
"PENFORD, Uitenhage/ Kariega",6230
"PENHILL PARK, Plumstead",7800
"PENHILL, Eersteriver",7100
"PENINAPARK, Pietersburg",0699
"PENLYN Est/Lgd, Lansdowne",7780
PENNINGTON,4184
"PENQUIN Est/Lgd, Retreat",7945
"PENTAGONPARK, Bloemfontein",9301
"PENTRICH, Pietermaritzburg",3201
PENVAAN,3106
"PENZANCE Est/Lgd, Hout Bay",7800
"PERCELIA Est/Lgd, Johannesburg",2192
PERDEBERG,9936
PERDEKOP (Mondays Only),2465
"PERM GARDENS, Cape Town",7100
"PERRIDGEVALE, Port Elizabeth/ Gqeberha",6001
"PERSEQUOR PARK, Pretoria",0020
"PERSEVERANCE, Port Elizabeth",6220
"PERSIDA, Springs",1559
PERSKEBULT,0742
PERU - Lima,Z009
PERU - Other Areas,Z009
PESCODIA,8309
PETERSFIELD Boxes,1566
"PETERSFIELD, Springs",1559
"PETERVALE, Bryanston",2151
PETIT,1512
PETRUS STEYN (Tues & Thurs Only),9640
PETRUSBURG,9932
PETRUSVILLE,8770
"PHAHAMENG, Bloemfontein",9323
"PHAHAMENG, Bultfontein",9670
"PHAKAMISA, King William/Qonce",5601
PHALABORWA,1389
PHANGWENI,0816
"PHATSIMA, Rustenburg",0299
PHILADELPHIA,7304
PHILIPPI Boxes,7781
PHILIPPI EAST,7781
PHILIPPI Streets,7785
PHILIPPOLIS (Thursday's Only),9970
"PHILIPSTOWN (Monday,Tuesday,Thursday & Friday)",8795
"PHILLIP FRAME PARK, Pinetown",3610
PHILLIPINES - Manila,Z007
PHILLIPINES - Other Areas,Z009
"PHINDA FOREST LODGE, Hluhluwe",3960
"PHIRI, Tshiawelo",1818
"PHIRIMA, Orlando",1804
PHOENIX,4068
"PHOENIX, Milnerton",7441
PHOFUNG,2511
PHOKENG,0300
"PHOLA, Ogies",2230
"PHOMALONG, Lengau",9499
"PHOMOLONG, Kroonstad",9499
"PHUMULA, Ermelo",2350
PHUTHADITJHABA (Serviced out of Bethlehem),9866
PHUTHANANG,8345
"PIENAAR BROS, Wadeville",A026
PIENAAR'S RIVER,0420
"PIENAARSDORP, Klerksdorp",2570
PIENAARSRIVIER,0420
"PIERNEEFPARK, Johannesburg",2195
"PIERNEEFRANT, Pretoria",0084
PIERRE VAN RYNEVELD Boxes,0045
PIERRE VAN RYNEVELDPARK &,0157
PIET PLESSIS (Friday Only),8621
PIET RETIEF (EMKHONDO),2380
PIETERMARITZBURG,3201
PIETERMARITZBURG,3201
PIETERSBURG,0699
PIETERSBURG Boxes,0700
PIETERSBURG NORTH Boxes,0750
"PIETERSBURG NORTH, Pietersburg",0699
PIETERSBURG-NOORD Busse,0750
"PIETERSBURG-NOORD, Pietersburg",0699
PIKETBERG,7320
PILANESBERG,0316
PILGRIM'S REST (Tuesday Only),1290
PIMVILLE,1808
"PIMVILLE Ext/Uit 1 - 7, P",1808
"PINATI Est/Lgd, Lansdowne",7780
"PINE HAVEN, Bloemfontein",9301
"PINE HAVEN, Krugersdorp",1739
"PINE MEWS, Brackenfell",7560
"PINE PARK, Randburg",2194
"PINE SLOPES, Bryanston",2021
"PINEDGE, Maitland",7405
PINEGOWRIE,2123
"PINEGROVE, Port Elizabeth",6070
"PINEGROVE, Somerset West",7130
"PINEHURST Est/Lgd, Constantia",7800
"PINEHURST, Durbanville",7550
PINELANDS (Cape/Kaap) Str,7405
"PINELANDS Cape Town,  Boxes",7430
"PINELANDS, Cape Town",7405
"PINELANDS, Pinetown, Durban",3610
"PINELANDS, Port Elizebeth",6070
"PINELEA, Brackenfell",7560
PINETOWN,3610
PINETOWN Boxes,3600
"PINEVIEW, Grabouw",7160
PINEWOOD Boxes,7161
"PINEWOOD, Grabouw",7160
"PIONEER PARK, Newcastle",2940
"PIONEER, Johannesburg",2190
"PIONIER PARK, Kuilsrivier",7580
"PIRATE Est/Lgd, Athlone",7764
"PIROWVILLE, Germiston",1401
"PLAAS 282, Hopetown",8750
PLAAS KAROO LUSERN,6620
"PLAAS MARIA, Hoedspruit",1380
"PLAAS VLAKNEK, Koster",2825
"PLAAS VLUCHTHOEK, Magoebaskloof",0731
"PLAINS (Monday,Wednesday & Friday)",4243
"PLANKENBURG, Stellenbosch",7600
"PLANKNEK AH, Mokopane",0600
"PLANTASIE, Boksburg",1459
"PLASIEVE PLOT, PELZVALE, Randfontein",1759
PLASTON,1244
PLATBAKKIES,8206
"PLATFONTEIN, Kimberley (Special Trip)",8346
"PLATINUM PARK, Polokwane",0699
PLATINUM REEF,0602
PLATRAND,2435
"PLATTEKLOOF & Ext/Uit 2,",7500
"PLATTEKLOOF GLEN, Goodwood",7460
PLATWAL,0304
PLESSISLAER,4500
PLETT ROOFING MALCOLEST,6600
PLETTENBERG BAY (Serviced out of GRJ),6600
PLETTENBERG BAY (Serviced out of PLZ),6600
PLETTENBERGBAAI (Serviced out of GRJ),6600
PLOOYSBURG,8350
"PLOOYSVILLE, Midrand",1685
"PLOT 542, Derdepoort Pretoria",0002
"PLOT 94, Diepsloot, Randburg",2194
"PLOT A57, Mooinooi",0325
"PLOT126, Warmbaths / Bela Bela",0480
PLUMSTEAD,7800
PNIEL,7681
PODIPHATSHWA,0386
POELONG (Frieght Dependant),9874
POFADDER (Tuesday & Thursday),8890
"POINT, Durban",4001
"POINT, NATAL Boxes",4069
POKWANI,8565
POLAND - Other Areas,Z008
POLAND - Warsaw,Z008
POLAR PARK,0646
POLITSI (Tues & Thurs Only),0851
POLKOL,0111
"POLLAK PARK, Springs",1559
POLOKWANE,0699
POLOKWANE (OPS HUB),0699
POLOKWANE INDUSTRIA,0699
"POLSMOOR, Retreat",7945
"POMEROY (Monday, Wednesday & Fridays)",3020
POMFRET (Friday Only),8619
"POMONA, Kempton Park",1619
"POMONA, Parys",9585
"POMPANGALANA, Tzaneen",0850
PONGOLA,3170
"PONONG, Rusloo",1468
"POORTVIEW, Honeydew",2040
PORT ALFRED (Next Day Serviced out of PLZ),6171
PORT ALFRED (Two-day Serviced out of ELS),6170
PORT EDWARD,4295
PORT ELIZABETH (GQEBERHA),6001
PORT ELIZABETH (GQEBERHA) Boxes,6000
"PORT NOLLOTH (Monday's, Wednesday & Friday Only)",8280
PORT OWEN,7365
PORT SHEPSTONE,4240
PORT SHEPSTONE,4240
PORT ST. JOHNS (Wednesdays Only),5120
PORT ST. JOHNS (Wednesdays Only)(Serviced by DUR),5121
"PORTAVIEW Est/Lgd, Athlone",7764
PORTERVILLE,6810
"PORTIA Est/Lgd, Lansdowne",7780
"PORTLANDS, Mitchells Plain",7785
PORTUGAL - Lisbon,Z006
PORTUGAL - Other Areas,Z006
POSINI,3804
"POSTDENE, Postmasburg",8420
POSTMASBURG,8420
POTCHEFSTROOM,2520
POTCHEFSTROOM CAMP Boxes,2521
"POTCHEFSTROOM CAMP,",2520
"POTCHEFSTROOM Ext/Uit 16,",2520
POTCHEFSTROOM INDUSTRIAL,2520
POTCHEFSTROOM OUDEDORP,2528
POTCHEFSTROOM RURAL 1,2520
POTCHEFSTROOMKAMP Busses,2521
"POTCHEFSTROOMKAMP,",2520
POTFONTEIN (Special Trip),8785
"POTGIETER STREET, PRETORIA",0113
POTGIETERSRUS (MOKOPANE),0600
"POTGIETERSTRAAT, PRETORIA",0113
"POTSDAM, Milnerton",7441
"POWER PARK, Johannesburg",2013
"POWERVILLE, Vereeniging",1939
"PRAEGVILLE, Randburg",2194
"PRAKTISEER, Burgersfort",1150
"PREMIERPARK, Tzaneen",0850
PRESAS,0114
"PRESBURY, Pietermaritzburg",3201
"PRESIDENSIA, Kroonstad",9499
"PRESIDENT PARK, Halfway House",1685
"PRESIDENT RIDGE & Ext 1,",2194
"PRESIDENTRIF & Uit 1,",2194
"PRESIDENTSDAM, Springs",1559
"PRESTBURY, Pietermaritzburg",3201
"PRESTONDALE, Umhlanga",4319
PRETORIA,0002
PRETORIA EAST,0002
"PRETORIA GARDENS, Pretoria",0082
PRETORIA NORTH Boxes,0116
"PRETORIA NORTH, Pretoria",0182
"PRETORIA TUINE, Pretoria",0082
PRETORIA WEST Boxes,0117
"PRETORIA WEST, Pretoria",0183
"PRETORIA, Parts Incorporated *****",PAR
PRETORIA-NOORD Busse,0116
"PRETORIA-NOORD, Pretoria",0182
PRETORIA-WES,0183
PRETORIA-WES Busse,0117
"PRETORIA-WES, Pretoria",0183
"PRETORIUSPARK, Garsfontein",0042
"PRETORIUSRUS, Carletonville",2500
"PRETORIUSSTAD, Nigel",1490
"PRETTY LITTLE FISH & THINGS, Louise Trichard",0920
PRIESKA,8940
"PRIMROSE & Ext/Uit 2,",1401
PRIMROSE Boxes,1416
"PRIMROSE EAST, Germiston",1401
PRIMROSE HILL Boxes,1417
"PRIMROSE HILL, Germiston",1401
"PRIMROSE PARK, Manenberg",7764
"PRIMROSE RIDGE, Primrose",1401
"PRIMROSE-OOS, Germiston",1401
"PRIMROSERIF, Primrose",1401
PRINCE ALBERT (Tuesday & Thursday),6930
PRINCE ALBERT ROAD,6931
PRINCE ALFRED HAMLET,6840
"PRINCE VALLEY (Monday, Wednesday & Friday)",6970
"PRINCE'S PARK, Pretoria",0002
"PRINCESS AgHs/Lhw, Roodeport",1724
PRINCESS GRANT,4480
"PRINCESS Tsp/Dgd, Roodepoort",1724
"PRINCESSVLEI, Southfield",7800
PRINGLE BAY,7196
PRINS ALBERT,6930
PRINS ALBERTWEG,6931
"PRISON AREA, Kroonstad",9499
"PRISON AREA, Pretoria",0002
PROCLAMATION HILL Boxes,0119
"PROCLAMATION HILL, Pretoria",0183
PROKLAMASIEHEUWEL Busses,0119
"PROKLAMASIEHEUWEL, Pretoria",0183
"PROLECON, Johannesburg",2001
PROMOSA Boxes,2530
"PROMOSA, Potchefstroom",2520
"PROSPECTON, Isipingo",4110
"PROTEA GLEN, Soweto",2001
"PROTEA HEIGHTS, Brackenfell",7560
"PROTEA NORTH, Tshiawelo",1818
PROTEA PARK Boxes,0305
"PROTEA PARK, Atlantis",7349
"PROTEA PARK, Port Elizabeth",6070
"PROTEA PARK, Port Shepstone",4240
"PROTEA PARK, Rustenburg",0300
"PROTEA PARK, Vryheid (Tuesday & Thursday)",3100
"PROTEA RIDGE, Krugersdorp",1739
"PROTEA SOUTH, Tshiawelo",1818
"PROTEA VALLEY, Bellville",7530
"PROTEA, Tshiawelo",1818
"PROTEA-NOORD, Tshiawelo",1818
"PROTEA-SUID, Tshiawelo",1818
"PROTEAHOOGTE, Brackenfell",7560
"PROTEAPARK, Rustenburg",0300
"PROTEARIF, Krugersdorp",1739
"PROTEAVALLEI, Bellville",7530
"PROTEAVILLE Est/Lgd, Durban",7550
"PROTEAVILLE, Bellville",7530
"PROTEAVILLE, Britstown (Wednesday Only)",8970
"PROTEAVILLE, Uniondale  (Wednesday & Friday Only)",6460
PROTEM,7281
"PROVIDENTIA, Port Elizabeth",6070
PUDIMOE,8581
PUERTO RICO,Z009
PULLEN'S HOPE (Wednesday Only),1096
"PUMULANI, Pretoria",0002
"PUNTANS HILL, Durban",4091
"PUNTS Est/Lgd, Dieprivier",7945
"PUTCOTON, Johannesburg",2093
PUTFONTEIN,1513
PYRAMID,0120
"Q-TOWN, Athlone Cape Town",7764
QATAR - Doha,Z007
QATAR - Other Areas,Z007
QEDUMONA,3136
QONCE (KINGWILLIAMSTOWN),5600
"QONDWANE, Sondwana Bay",3974
"QUACHA FARMS, Patensie",6335
"QUAGGAFONTEIN, Bloemfontein",9301
QUALBERT,4078
QUDENI,3557
QUEENSBURGH,4093
QUEENSBURGH Boxes,4070
"QUEENSBURGH Est/Lgd,",4093
QUEENSBURGH Streets,4093
"QUEENSHAVEN, Johannesburg",2197
"QUEENSMEAD INDUSTRIAL, Queensburgh",4147
QUEENSTOWN (KOMANI),5320
QUEENSWOOD & Ext/Uit 2 &,0186
QUEENSWOOD Boxes,0121
"QUELLERIEPARK, Krugersdorp",1739
"QUELLERINA, Florida",1709
"QUENERA NORTH, East London",5205
QUIGNEY Boxes,5211
"QUIGNEY, East London",5201
"QUIZINI, Kingwilliam/ Qonce",5601
QUMBU (Thursday Only),5180
"QUNU, Mthatha",5101
QWA QWA (Serviced out of Bethlehem),9866
"QWEQWE, Mthata",5100
"RAAPENBERG/STA, Pinelands",7405
"RAAPKRAAL, Retreat",7945
"RABALI VILLAGE (Mon,Wed,Fri Only)",0993
"RABIERIDGE, Halfway House",1685
"RACEVIEW, Alberton",1449
"RADICAL ENGINEERING, Springs",1559
"RADIO UITKYK, Pretoria",0187
"RADIOKOP, Roodepoort",1724
RADITSHABA,0718
RADIUM,0483
RAEDENE Boxes,2124
"RAEDENE, Johannesburg",2192
"RAFENGOTSO, Deneysville",1932
"RAILWAY RESERVE, Pretoria",0002
"RAINBOW VALLEY, Kimberley",8301
"RAINBOW VALLEY, Lenasia",1820
"RAINBOW, Upington",8800
"RAINHAM, Durban",4051
"RAISETHORPE, Pietermaritzburg",3201
"RAITHBY, Firgrove",7130
RAMAHUTSI,9789
"RAMALEMA, (Mon,Wed & Frid Only)",0871
"RAMAPHOSA, Boksburg",1459
"RAMATLABAMA, Mmabatho",2735
RAMMOBOLA,0729
"RAMOCHANA, Rustenburg",0299
RAMOKGOPA,0811
"RAMONGOANA, Polokwane",0699
"RAMOSADI, Mahikeng",2745
RAMSGATE,4285
RAND AIRPORT,1419
"RAND LEASES MINE, Florida",1709
RAND SHOW,2147
"RAND VIEW, Johannesburg",2198
RANDBURG,2194
RANDBURG Boxes,2125
RANDFONTEIN,1760
"RANDFONTEIN SOUTH, Randfontein",1760
"RANDFONTEIN-SUID, Randfontein",1760
RANDGATE Boxes,1763
"RANDGATE, Randfontein",1760
"RANDHART & Ext/Uit,",1449
RANDHART Boxes,1457
"RANDHART Ext/Uit 1 & 2, A",1449
"RANDJESPARK, Midrand",1685
"RANDJIESLAAGTE, Johannesburg",2192
"RANDLESPARK, Klerksdorp",2570
RANDLUGHAWE,1419
"RANDPARK & Ext/Uit 2 - 5,",2194
"RANDPARK Ext/Uit, Randburg",2194
"RANDPARK RIDGE Ext 1 - 4,",2194
"RANDPARK RIDGE Ext 6,",2154
"RANDPARK RIDGE, Randburg",2156
"RANDPARK RIDGEExt5,7-15,1",2156
"RANDPARKRIF Uit 1 - 4, 16",2194
"RANDPARKRIF Uit 5, 7 - 15",2156
"RANDPARKRIF Uit 6,",2154
"RANDPARKRIF, Randburg",2156
"RANDRUS, Durban",4001
RANDSKOU,2147
RANDVAAL,1840
"RANELAGH, Johannesburg",2196
"RANGER PARK, Fish Hoek",7975
"RANGEVIEW, Krugersdorp",1739
RANKIN'S PASS,0513
"RANLEIGH, Johannesburg",2192
RANT-EN-DAL & Ext/Uit 1 -,1739
RANT-EN-DAL Boxes,1751
RAPITSI,0710
RASHOOP,0253
"RASLOUW, Wierdapark",0149
"RATANDA, Heidelberg (Tvl)",2400
"RATHBONEVILLE, Port Shepstone",4240
"RAUMARAISPARK, Johannesburg",2090
RAVENMOOR Boxes,1469
"RAVENMOOR, Boksburg",1459
"RAVENSKLIP, Boksburg",1459
RAVENSMEAD Boxes,7504
"RAVENSMEAD, Matroosfontein",7490
"RAVENSWOOD & Ext/Uit 10,",1459
RAWSONVILLE,6845
"RAWSONVILLE, Cape Town",6845
"RAYMOND Est/Lgd, Vrijzee",7460
RAYTON,1001
"RAYTON, Bloemfontein",9332
"REAGILE, Koster",2825
REBONE,0617
"RED HILL, Durban",4051
"RED HILL, N Boxes",4071
"RED HILL, SimonTown",7995
REDAN,1931
"REDCLIFFE, Verulam",4339
REDDERSBURG,9904
REDDINGSHOOP,0252
REDELINGHUYS,8105
"REDFERN, Durban",4051
REDHOUSE,6215
"REEBOK, Mosselbay",6503
"REEFHAVEN, Roodepoort",1724
"REESTON, East London",5247
"REGENCY, Johannesburg",2197
"REGENT PARK, East London",5247
"REGENT ROAD, SEA POINT",8061
REGENT'S PARK Johannesburg,2197
"REGENT'S PARK, JOHANNESBURG",2126
"REGENTWEG, SEEPUNT",8061
REGOROGILE (Wednesday's Only),0387
REIGERPARK & Ext/Uit 1 &,1459
REIGERPARK Boxes,1466
REITZ (Serviced out of Bethlehem),9810
"REITZPARK & Ext/Uit 18,",9459
REIVILO (Monday Only),8595
"REMBRANDT RIDGE, Johannesburg",2090
"REMBRANDTPARK, Johannesburg",2090
"REMBRANDTRIF, Johannesburg",2090
RENISHAW,4181
"RENOSTERFONTEIN, Kroondal",0350
RENSBURG Boxes,2401
"RENSBURG, Heidelberg",2400
RESERVOIR HILLS Boxes,4090
"RESERVOIR HILLS, Durban",4091
"RESERVOIR PARK, Rusloo",1468
"RESERVOIR RIDGE, Kagiso",1744
RESIDENSIA,1980
"RESIDENSIA, De Aar",7000
"RESTHAVEN, Tokai",7945
RETHABILE Boxes,0112
"RETHABILE, Pretoria",0122
"RETIEFSPARK, Lichtenburg",2740
"RETIEFVILLE, Piet Retief",2380
"RETIEFVILLE, Port Elizabeth/ Gqeberha",6001
RETREAT,7785
RETREAT Boxes,7965
RETREAT Streets,7785
REUNION - St Denis,Z008
"REUNION, Durban - Isipingo",4110
"REUVEN, Johannesburg",2091
"REWLATCH, Johannesburg",2197
REYGERSDAL,7352
"REYNO RIDGE, Witbank/Emalahleni",1035
"REYNOLDS VIEW, Johannesburg",2094
"RHEEBOKSTRAND,",6503
"RHEEDERPARK, Welkom",9459
RHEENENDAL,6576
RHENOSTERSPRUIT,1760
"RHINE ROAD, SEA POINT",8050
"RHINEWEG, SEEPUNT",8050
RHODES ( Special Trip),5582
RHODES GIFT,7707
"RHODES PARK, East London",5247
"RHODESDENE, Kimberley",8301
"RHODESFIELD, Kempton Park",1619
"RIAMARPARK,",1020
RIBA CROSS,1153
"RIBBLESDALE, Bloemfontein",9301
RICHARDS BAY,3900
RICHARDSBAAI,3900
"RICHEM, Empangeni",3880
RICHMOND (NATAL),3780
"RICHMOND Est/Lgd, Goodwood",7460
"RICHMOND HILL, Port Elizabeth/ Gqeberha",6001
"RICHMOND PARK, Port Elizabeth/ Gqeberha",6001
"RICHMOND PARK, Table View",7441
"RICHMOND, Johannesburg",2092
"RICHMOND, Northern Cape (Tuesday's & Friday Only)",7010
"RICHTERSHOEK FARM, Malelane",1320
"RICHWOOD, Milnerton",7441
"RID AUTO, RUSTENBURG",A027
RIDDERPARK Boxes,0303
"RIDDERPARK, Rustenburg",0300
"RIDGE Ext/Uit 4 & 7, Font",2032
"RIDGE PARK, Pietermaritzburg",3201
RIDGEVIEW Boxes,1701
"RIDGEVIEW, Florida",1709
"RIDGEWAY & Ext/Uit 3 - 5,",2091
"RIDGEWORTH Est/Lgd, Bellville",7530
"RIDLEY PARK, Queensburgh",4093
RIEBEECK EAST (Wednesday's Only),5805
RIEBEECK WEST,6800
RIEBEECK-KASTEEL,6801
RIEBEECK-OOS (Wednesday's Only),5805
RIEBEECK-WES,6800
RIEBEECKHOOGTE Boxes,6231
"RIEBEECKHOOGTE, Uitenhage/ Kariega",6230
RIEBEECKSTAD Boxes,9469
"RIEBEECKSTAD, Welkom",9459
"RIEPENPARK, Johannesburg",2196
RIETBRON (Friday's Only),6685
RIETFONTEIN Boxes,0123
"RIETFONTEIN PARK, Springs",1559
"RIETFONTEIN, Muldersdrift",1747
"RIETFONTEIN, Pretoria",0084
RIETKUIL,1097
RIETKUIL FARM,1097
"RIETONDALE, Pretoria",0084
"RIETPOL, Western Cape",7280
RIETPOORT FARM,1410
RIETSPRUIT (Mondays & Thursdays),2231
"RIETVALLEIJ, ELSTEM FARM",6740
"RIETVALLEIRAND, Pretoria",0181
"RIETVLEI, Rustenburg",0300
"RIKHOTSO VILLIAGE, Tzaneen",0850
"RISANA, Johannesburg",2197
"RISECLIFF, Chatsworth",4092
"RISIDALE, Johannesburg",2195
"RISIVIEW, Fish Hoek",7975
"RISIVILLE & Ext/Uit,",1939
"RISPARK, Johannesburg",2053
"RISSIK STREET, JOHANNESBURG",2127
"RISSIKSTRAAT, JOHANNESBURG",2127
RITCHIE,8701
"RIVER CLUB Ext/Uit 10,",2149
"RIVER CLUB, Bryanston",2149
RIVER VIEW,3930
"RIVER VIEW, Kokstad (Monday,Wednesday & Friday)",4700
"RIVER VIEW, Worcester",6850
"RIVERCLUB, Fish Hoek",7975
"RIVERDALE, Pretoria",0002
RIVERFIELD Boxes,1564
"RIVERGATE, Cape Town",7441
"RIVERGLEN, Midrand",1685
RIVERHORSE VALLEY,4017
"RIVERINE, Mdantsane",5219
"RIVERLEA & Ext/Uit, Johannesburg",2093
"RIVERLEA Ext/Uit 2 & 11,",2093
RIVERSDAL (Tues & Thurs),6770
RIVERSDALE (Tues & Thurs),6770
"RIVERSDALE, Chrissiefontein",1963
"RIVERSDALE, Meyerton",1961
"RIVERSIDE Est/Lgd, Lansdowne",7780
"RIVERSIDE PARK, Nelspruit",1200
"RIVERSIDE, Durban",4051
"RIVERSIDE, Kroonstad",9499
"RIVERSIDE, Little Brak River",6503
"RIVERSIDE, Newcastle",2940
"RIVERSIDE, Pretoria",0186
"RIVERTON, Matroosfontein",7490
RIVERTON/STA (Wednesday Only),8500
RIVIERA Boxes,0124
"RIVIERA PARK, Mahikeng",2745
"RIVIERA, Johannesburg",2193
"RIVIERA, Kimberley",8301
"RIVIERA, Pretoria",0084
RIVIERSONDEREND,7250
RIVONIA,2128
"RIVONIA Ext/Uit 1 - 17,",2128
"RIXTON Est/Lgd, Lansdowne",7780
ROADSIDE  (Special Only),9855
ROBBEN ISLAND,7400
ROBBENEILAND,7400
"ROBERS VALLEY FARM, Franschhoek",7690
"ROBERTSHAM, Johannesburg",2091
ROBERTSON,6705
"ROBERTSON NORTH, Robertson",6705
"ROBERTSON, C/K",6705
"ROBERTSON-NOORD, Robertson",6705
"ROBERTVILLE, Florida",1709
"ROBIN ACRES, Randburg",2194
"ROBIN HILLS, Randburg",2194
ROBINDALE & Ext/Uit 1 & 4,2194
"ROBINDALE Ext/Uit, Randburg",2194
"ROBINPARK, Randfontein",1760
"ROBINSON, T",1761
"ROBINVALE, Atlantis",7349
"ROBSONVALE, Kimberley",8301
ROCHDALE PARK,4034
"ROCHDALE, Pinetown",3610
ROCHESTER,7940
"ROCKFORD, Durban",4051
"ROCKLANDS, Bloemfontein",9323
"ROCKLANDS, Mitchells Plain",7785
"ROCKLANDS, Uitenhage/ Kariega",6230
"ROCKVILLE, Middelburg",1050
"ROCKVILLE, Tshiawelo",1818
"ROCKY'S DRIFT, Nelspruit/ Mbombela",1200
"ROCKY'S DRIFT, Nelspruit/Mbombela",1200
"RODENBECK, Bloemfontein",9328
"RODEWAL, Worcester",6850
ROEDTAN (Tuesday's & Thursday's Only),0580
ROGGE BAY,8012
ROGGEBAAI,8012
ROLSPRUIT (Tuesday & Thursday),2283
ROMANIA - Bucharest,Z008
ROMANIA - Other Areas,Z008
"ROME GLEN, Somerset West",7130
"ROMPEVALLEI, Lansdowne",7780
RONDEBOSCH,7700
"RONDEBOSCH EAST, Lansdown",7780
"RONDEBOSCH-OOS, Lansdowne",7780
"RONDEBULT, Germiston",1423
RONDEVLEI,6541
"RONDEVLEI, Retreat",7785
RONGINIA,1727
"RONTREE Est/Lgd, Cape Town",8001
"ROODEBULT, Germiston",1401
"ROODEKOP, Germiston",1401
"ROODEKOPJES, Brits",0250
ROODEKRANS & Ext/Uit 2 -,1724
"ROODEKRANS Ext/Uit,",1724
"ROODEPAN, Kimberley",8309
"ROODEPLAAT, Pretoria",0039
"ROODEPLAAT, Pretoria",0039
ROODEPOORT,1724
"ROODEPOORT AH, Pololwane",0699
ROODEPOORT Boxes,1725
"ROODEPOORT NORTH, Roodeport",1724
"ROODEPOORT WEST & Ext 2,",1724
"ROODEPOORT-NOORD, Roodeport",1724
"ROODEPOORT-WES & Uit 2,",1724
"ROODEWAL, Bloemfontein",9301
"ROODTS GARDENS, Vereeniging",1939
"ROODTSTUINE, Vereeniging",1939
ROOI ELS,7196
ROOI RIVER  (Wednesday & Friday Only),6466
ROOIBERG,0500
ROOIBOKKRAAL (Special Trip & Add Charges Apply),0384
ROOIGROND,2743
ROOIHUISKRAAL,0154
ROOIHUISKRAAL Boxes,0154
ROOIHUISKRAAL Ext/Uit 1 &,0154
"ROOIKRAAL, Ladybrand (Serviced out of Bethlehem)",9745
ROOIPANVILLE,8745
"ROOISAND, Kathu",8446
ROOIWAL,9541
"ROOIWAL, Pyramid",0120
ROOKDALE (Tuesday & Thursday),3351
"ROOSENDAL, Delft",7100
ROOSEVELT PARK,2195
ROOSEVELT PARK Boxes,2129
"ROOSHEUWEL, Klerksdorp",2570
"ROOSPARK, Bryanston",2021
ROOSSENEKAL (Special Trip),1066
RORKE'S DRIFT (Tuesday & Thursday),3016
"ROSASHOF, Vanderbijlpark",1911
"ROSE PARK, Ladysmith",3370
"ROSEACRE, Johannesburg",2197
ROSEBANK Cape Town,7700
"ROSEBANK, C/K Boxes",7720
"ROSEBANK, Johannesburg",2196
"ROSEDALE PARK, East London",5247
"ROSEDALE, Eersterivier",7100
"ROSEDALE, Pietermartitzburg",3201
"ROSEDALE, Uitenhage",6241
"ROSEDALE, Upington",8800
"ROSEDENE, Boksburg",1459
"ROSEGLEN, Durban",4091
"ROSEHILL, Durban",4051
ROSEMOOR,6532
"ROSEMOUNT, East London",5201
ROSENDAL  (Thursday Only),9720
"ROSENDAL, Durbanville",7550
ROSENEATH,4171
"ROSENPARK, Bellville",7530
"ROSENPARK, Durbanville",7550
ROSETTA,3301
ROSETTENVILLE Boxes,2130
ROSETTENVILLE Ext,2197
"ROSETTENVILLE, Johannesburg",2190
"ROSEVILLE, Pretoria",0084
"ROSHERVILLE, Germiston",1419
"ROSHNEE, Vereeniging",1936
ROSMEAD,5910
ROSSBURGH Boxes,4072
"ROSSBURGH, Durban",4094
ROSSLYN,0200
"ROSSMORE, Johannesburg",2092
ROSSOUW,5437
"ROSTRATAVILLE, Delareyville",2770
ROTHDENE,1964
ROUXVILLE (OFS/OVS),9958
"ROUXVILLE, Johannesburg",2192
"ROWALLAN PARK, Port Elizabeth",6025
"ROWHILL, Springs",1559
"ROYAL GLEN, Bloemfontein",9301
"ROYLDENE, Kimberley",8301
ROZANO,0723
"ROZENDAL, Stellenbosch",7600
"RUE MONT CLARE, Somerset West",7130
"RUFANEVALE, Port Elizabeth/ Gqeberha",6001
RUGBY Boxes,7438
"RUGBY, Maitland",7405
RUIGTESLOOT (Freight Dependent),0486
RUIMSIG,1724
"RUITERBOS, Mosselbay",6500
"RUITERHOF, Randburg",2194
RUSLOO,1468
"RUSOORD, Cradock",5880
RUSSIA - Moscow,Z008
RUST DE WINTER,0406
"RUST TER VAAL, Vereenigi",1938
"RUSTDAL, Blackheath (C/K)",7581
"RUSTDALE Est/Lgd, Crawford",7780
"RUSTDENE, Beaufort West (Mon, Wed, Fri)",6970
RUSTENBURG,0299
"RUSTENBURG NORTH, Rustenburg",0300
"RUSTENBURG, Rural",0299
"RUSTENBURG-NOORD, Rustenburg",0300
"RUSTHOF, Strand",7140
"RUSTIVIA, Primrose",1401
"RUTVALE Est/Lgd, Crawford",7780
"RUWARI, Brackenfell",7560
RUYTERWACHT Boxes,7470
RUYTERWACHT Streets,7460
RWANDA - Kigali,Z008
RWANDA - Other Areas,Z008
RYBELL,7761
"RYDALVALE, Durban",4051
"RYLANDS Est/Lgd, Athlone",7764
"RYNFIELD & Ext/Uit 8, 10",1501
RYNFIELD Boxes,1514
"RYNPARK, Benoni",1501
"RYNSOORD, Benoni",1501
RYSMIERBULT,2701
"SAAIPLAAS, Virginia OFS",9430
SAAISKAG,9436
SAALSKOP (Thursday Only),8825
"SAARTJIESNEK, Hartbeespoort",0216
SABA,Z009
SABIE,1260
SABIE GAME RESERVE (SHAWS GATE) Tues & Thurs Only,1350
"SACKS CIRCLE, Bellville",7530
SAFARI GARDENS,0300
SAFARI OSTRICH FARM,6620
"SAFARITUINE, Rustenburg",0300
"SAFELINE PHARMACEUTICALS, Weltevreden Park",A028
"SAICCOR VILLAGE, Umkomaas",4170
SAIPAN,Z009
"SAKHELWE, Dullstroom ( Tuesday's Only)",1110
SAKHILE,2431
"SAKHROL, Jouberton",2574
SALANG,2552
"SALBERAU, Matroosfontein",7490
SALDANHA,7395
SALEM,6150
"SALFRED, Bryanston",2021
"SALIESHOEK, Pretoria",0184
"SALISBURY CLAIMS, Johannesburg",2001
SALISBURY ISLAND,4020
"SALISBURY PARK, Port Elizabeth",6070
"SALSONEVILLE, Port Elizabeth",6059
SALT LAKE  (Special Only),8731
"SALT LAKE, Port Elizabeth",6059
SALT RIVER,7925
SALT ROCK,4391
SALTVILLE Boxes,6059
"SALTVILLE, Port Elizabeth",6059
SALVATION,3110
"SALVO PARK, Somerset West",7130
"SALVOKOP, Pretoria",0002
"SAMANAVILLE, Pietermaritzburg",3201
SAMBO (Mondays Only),0986
"SAMBOKLAND, Rondebosch",7780
"SAMCOR PARK, Pretoria",0184
"SAMORA MACHEL, Mitchells Plain",7785
"SAMRAND, Centurion",0157
SAMUNGU,3818
"SAN MICHEAL, Noordhoek",7979
SAN MORINO,Z006
"SANAA, Verulam",4340
"SANCTOR, Port Elizabeth",6059
"SANCTUARY PARK Est/Lgd,",4093
"SANDANIA, Welkom",9459
"SANDBAAI, Hermanus",7200
SANDBERG,8121
"SANDBULT, Burgersdorp",5520
"SANDDRIFT FARM, Tsitsikamma (Mon & Thurs Only)",6309
"SANDDRIFT, Milnerton",7441
"SANDERSVILLE, Heilbron (Serviced out of Bethlehem)",9650
"SANDFONTEIN, Limpopo",0708
"SANDFONTEIN, North West",0318
SANDHILLS,6854
"SANDHURST, Elsiesrivier",7490
"SANDHURST, Johannesburg",2196
SANDOWN,2196
"SANDOWN Ext/Uit 2 & 4,",2196
"SANDOWN Ext/Uit 6,7,9,10,",2031
"SANDOWN, Cape Town",7441
"SANDRIF, Brits",0250
SANDRINGHAM Boxes,2131
"SANDRINGHAM, Johannesburg",2192
"SANDRINGHAM, Queenstown/ Komani",5320
SANDTON,2196
SANDTON Boxes,2146
"SANDTON CITY, Sandton",2196
SANDVLAKTE,6688
"SANDVLEI, Faure",7131
"SANDVLEI, Muizenberg",7945
"SANGROVE Est/Lgd, Rondebo",7700
SANLAMHOF,7532
SANNIESHOF,2760
"SANRENIO, Mitchells Plain",7785
"SANTAVILLE, Graaff-Reinet",6280
SANTOMBE,4687
"SANTOSHAVEN, Mosselbaai",6509
SANTOY (Monday & Wednesday),8491
SAPKAMMA,6235
SAPPI SUDWALA PLANTATION ( Wednesday Only),1207
SAREPTA Boxes,7582
"SAREPTA, Kuilsrivier",7580
SARNIA Boxes,3615
"SARNIA, Pinetown",3610
SARON,6812
"SASEKANI VILLAGE, Tzaneen",0850
SASELAMANI,0928
SASOLBURG,9570
SAUDI ARABIA - Other Areas,Z007
SAUDI ARABIA - Riyadh,Z007
SAUER,7324
SAULSPOORT ( Tuesday & Thursday Only),0318
SAULSVILLE Boxes,0125
"SAULSVILLE, Pretoria",0008
"SAVANNAH PARK, Verwoerdburg",0157
"SAVANNAH, Polokwane",0699
"SAVOY Est/Lgd, Johannesburg",2090
"SAWOTI (Monday,Wednesday & Friday)",4203
SAXENBURG,7580
SAXENBURG PARK,7580
"SAXILBY, East London",5247
"SAXONSEA, Atlantis",7349
SAXONWOLD Boxes,2132
"SAXONWOLD, Johannesburg",2196
"SCARBOROUGH, Fish Hoek",7975
"SCENERY PARK, East London",5247
"SCHAAPKRAAL, Ottery",7945
SCHAGEN (Wednesday's Only),1207
SCHAUDERVILLE Boxes,6060
"SCHAUDERVILLE, Port Elizabeth",6020
"SCHEEPERSHOOGTE, Uitenhage",6233
"SCHEEPERSNEK, Vryheid ( Tuesday & Thursday)",3100
SCHEEPERSVLAKTE FARM,6115
"SCHEIRPOORT, Bronkorstspruit",1020
SCHINOORD,1124
SCHOEMANSDAL (Wednesday & Friday Only),1331
SCHOEMANSHOEK,6635
"SCHOEMANSKLOOF, Mpumalanga (Wednesday Only)",1207
"SCHOEMANSVILLE,",0216
"SCHOENMAKERSKOP, Port Elizabeth",6070
"SCHONKENVILLE, Parys",9585
"SCHOONGEZICHT, Durbanville",7550
"SCHOONGEZICHT, Witbank/ Emalahleni",1035
SCHOONOORD,1124
"SCHORNVILLE, Kingwilliams/ Qonce",5600
"SCHOTSCHEKLOOF, Cape Town",8001
SCHROEDERS,3471
"SCHUINSHOOGTE, Ladysmith",3370
"SCHWEIZER-RENEKE (Mon,Wed & Fri)",2780
SCOTLAND,Z004
SCOTTBURGH,4180
"SCOTTBURGH SOUTH, Scottburgh",4180
"SCOTTBURGH-SUID, Scottburgh",4180
"SCOTTSDENE, Kraaifontein",7570
"SCOTTSVILLE & Ext/Uit,",3201
SCOTTSVILLE Boxes,3209
"SCOTTSVILLE, Kraaifontein",7570
"SCOTTSVILLE, Pietermaritzburg",3201
"SE 1 - 7, Vanderbijlpark",1911
"SEA COW LAKE, Durban",4051
SEA PARK,4241
SEA POINT,8001
SEA POINT Boxes,8060
"SEA POINT, Cape Town",8001
SEA VIEW Boxes,4073
"SEA VIEW, Durban",4094
"SEA VIEW, Pacaltsdorp",6534
"SEA WIND, Retreat",7945
SEABE (Special Trip & Additional Charges),0417
"SEACREST, Mitchells Plain",7785
"SEAFORTH, Simons Town",7995
"SEATIDES, Desainagar",4405
SEAVALE,5201
SEAVIEW,6011
"SEAVIEW, Retreat",7945
SEBAYENG,0722
"SEBENZA, Edenvale (Tvl)",1609
SEBOKENG,1982
SECUNDA,2302
SEDGEFIELD,6573
"SEDIBENG, Heidelburg",1441
"SEEKOEIWATER, Witbank/Emalahleni",1035
"SEEKOEIWATER, Witbank/Emalahleni",1042
"SEEKOEIWATER, Witbank/Emalahleni",1034
"SEEMEEU PARK, Mossel Bay",6520
"SEEMEEUPARK, Welkom",9459
SEEPUNT Busse,8060
"SEEPUNT, Kaapstad",8001
SEESIG,7977
SEFITLHOGO,0621
SEGOPJE,0744
"SEINHEUWEL, Kaapstad",8001
"SEISOVILLE, Lengau (Frieght Dependant)",9499
SEKGAKGAPENG,0651
SEKGOSESE (Mon;Wed;Fri Only),0810
SEKHUKHUNE,1124
"SEKHUKHUNE, Burgersfort",1150
SEKORA AQUATICS,0920
"SEKORORO (Mon,Wed, Fri Only)",0889
SEKWATI,1063
"SELBORNE, East London",5201
"SELBOURNE, Bellville",7530
SELBY,2001
"SELBY Ext/Uit 5, 10, 12 &",2092
"SELBY, Johannesburg",2001
"SELCOURT & Ext/Uit 3,",1559
SELCOURT Boxes,1567
SELECTION PARK Boxes,1568
"SELECTION PARK, Springs",1559
SELEKA,0609
"SELOBALA, Carolina (Tues & Thurs Only)",1185
SELONS RIVER,1054
SELONSRIVIER,1054
"SELWYN, Florida",1709
SENDERWOOD Boxes,2145
"SENDERWOOD, Bedfordview",2008
SENEGAL - Dakar,Z008
SENEGAL - Other Areas,Z008
SENEKAL,9600
"SENOANE, Tshiawelo",1818
"SENOELA VILLAGE, Laphalale",0555
SENSWABARWANA (BOCHUM)  (Tuesday & Thursday Only),0790
"SENTRA PARK, (Mon,Wed & Frid Only)",0871
"SENTRAAL, Empangeni",3880
"SENTRAAL, Pretoria",0002
SENTRUM,0385
SEPANAPUDI,0705
SEPHUKUBJE,0813
SERBIA - Belgrade,Z000
SES BRUGGE (Special Trip),8808
SESENG (Monday & Wednesday Only),8447
"SESFONTEIN, Petit",1512
SESHEGO,0742
SETARIA,0383
"SETHONG, Tzaneen",0900
SETLAGOLE,2773
SETSHABELO,2286
SETTLERS (Wednesdays Only),0430
"SETTLERS WAY, East London",5201
SEVEN OAKS,3495
SEYCHELLES - Vicotria,Z008
SEYMOUR,5750
SEZELA,4215
SHAKA'S HEAD,4381
SHAKA'S ROCK,4399
SHAKASKRAAL,4430
SHALENG VILLAGE ( Special Trip),8566
"SHALLCROSS & Ext/Uit 1, Q",4093
SHALLCROSS Boxes,4079
"SHANNON, Bloemspruit",9364
"SHARKEVILLE, Stanger/ KwaDukuza",4450
"SHARON PARK, Dunnottar",1590
"SHARONLEA, Olivedale",2158
SHARPEVILLE,1933
SHATALE,1282
SHAYANDIMA,0945
"SHEARWATER, Port Elizabeth/ Gqeberha",6001
"SHEEPMOOR (Wednesday,Thursday & Friday)",2352
SHEFFIELD BEACH,4421
"SHELLEY POINT, ST Helena Bay",7385
SHELLY BEACH,4265
"SHELLY BEACH, St Michael'",4265
"SHELLYVALE, Bloemfontein",9301
SHEPSTONE  (Special Only),9413
"SHERE, Pretoria",0084
SHERIDAN  (Special Only),9704
"SHERIDON PARK, Steenberg",7945
"SHERWOOD GARDENS, Brakpan",1545
"SHERWOOD PARK, Dassenberg",7349
"SHERWOOD PARK, Manenberg",7764
"SHERWOOD, Durban",4091
"SHERWOOD, Port Elizabeth",6025
"SHILUVANE (Mon,Wed,Fri Only)",0873
"SHIMAWUSA, Giyani",0826
"SHIRLEY PARK, Bellville",7530
SHONGOANE,0555
SHONGWE MISSION (Wednesday & Friday Only),1331
SHONGWENI,3650
"SHORTLANDS, Durban",4052
"SHORTS RETREAT, Pietermaritzburg",3201
"SHULTON PARK, Amanzimtoti",4126
SIBASA,0826
SIBAYENI (Wednesday & Friday Only),1347
SIBHAYI,3967
"SIBONGILE, Dundee (via Newcastle)",3000
"SICELO, Meyerton",1961
SIDBURY,6131
"SIDESAVIVIA, Beaufort West (Mon, Wed, & Fri)",6970
SIDLAMAFA (Wednesday & Friday Only),1332
"SIDNEYVALE, Matroosfontei",7490
SIDWELL Boxes,6061
"SIDWELL, Port Elizabeth/ Gqeberha",6001
SIERRA LEONE - Freetown,Z008
SIERRA LEONE - Other Areas,Z008
"SIGNAL HILL, Cape Town",8001
"SIGNAL HILL, Ladysmith",3370
"SIGNAL HILL, Mahikeng",2745
"SIGNAL HILL, Newcastle",2940
"SIGNAL HILL, Pietermaritzburg",3201
"SILKAATSKOP, Secunda",2302
"SILLERY, Constantia",7800
SILOAM,0993
"SILUMA VIEW, Katlehong",1832
"SILVAMONTE, Johannesburg",2192
SILVER LAKES,0081
"SILVER OAKS, Kuilsrivier",7580
"SILVERFIELDS PARK, Kruger",1739
"SILVERFIELDS, Krugersdorp",1739
"SILVERGLADE, Fish hoek",7975
"SILVERGLEN, Chatsworth",4092
"SILVERHURST Est/Lgd,",7800
"SILVERSANDS, Eersterivier",7100
"SILVERSANDS, Kuilsrivier",7580
"SILVERSTREAM FARM,( Special Trip,Tues & Thurs)PLOT",3550
SILVERTON,0184
"SILVERTON & Ext/Uit 2, 5,",0184
SILVERTON Boxes,0127
SILVERTONDALE,0126
"SILVERTOWN, Athlone",7764
"SILWERKRUIN, Polokwane",0750
SILWOOD,7715
"SIMBA, Strathavon",2031
"SIMBOLIA, Springs",1559
SIMFONIE,0128
"SIMMERFIELD, Primrose",1401
SIMON'S TOWN,7995
SIMONDIUM,7670
SIMONSBERG,7608
SIMONSTAD,7995
"SIMONSWYK, Stellenbosch",7600
SINGAPORE,Z006
SINKSA BRIDGE,6535
SINKSABRUG,6535
"SINOVILLE & Ext/Uit 2,",0182
SINOVILLE Boxes,0129
SINTHUMULE (Tues & Thurs Only),0921
SIPHUMULE,2287
SIR LOWRY ROAD Cape Town,7925
"SIR LOWRY ROAD, CAPE TOWN",7900
SIR LOWRY'S PASS,7133
"SIR LOWRYWEG, KAAPSTAD Boxes",7900
"SIR LOWRYWEG, Kaapstad",7925
"SITHEMBILE, Glencoe",2930
"SITUNDU, Pinetown (Monday only)",3610
SIX FOUNTAINS,0081
"SIYABONA, Paulpietersburg",3180
SIYABONGA,0306
SIYABUSWA,0472
"SIYAKA, East London",5200
"SIYATHEMBA, Balfour (Mon,Wed&Fri Only)",2410
"SIYATHEMBA, Kathu",8446
"SKANSKOP, Pretoria",0002
SKEERPOORT,0232
SKEERPOORT,0232
"SKEMA, Sutherland (Teusday only)",6920
SKHEMELELE,3973
SKILPADFONTEIN (Special Trip & Add Charges Apply),0410
SKILPADSHEK BORDER POST (Special Trip),2880
"SKILPADSVLEI, Constantia",7880
"SKILPADSVLEI, Durbanville",7550
SKOONSPRUIT,9663
"SKRIKFONTEIN, Polowane",0699
SKUINSDRIF,2851
SKUKUZA (Tuesday & Thursday Only),1350
"SKY CITY, Alberton",1449
"SKY VILLAGE, Volksrust (Mon, Wed, Fri)",2470
SLABBERTS (Tuesday & Thursday),9703
"SLANGKOP, Fish Hoek",7975
SLEUTELFONTEIN,0465
"SLOANE PARK, Bryanston",2152
SLOVAKIA - Bratislava,Z008
SLOVENIA - Ljubljana,Z008
SLURRY,2895
SMITHFIELD,9966
"SMITSWINKEL BAY, Simon's Town",7995
"SMITSWINKELBAAI, Simonstad",7995
"SNEEUKOP, (Rawsonville)",6845
"SNELL PARADE, DURBAN Boxes",4074
"SNELL PARADE, Durban",4001
"SOBANTU, PIETERMARITZBURG",3210
SODWANA BAY,3968
SOEBATSFONTEIN,8257
SOEKMEKAAR (MOREBENG),0810
"SOETEWEIDE, Stellenbosch",7600
"SOETWATER, Fish Hoek",7975
"SOLHEIM, De Aar",7000
"SOLHEIM, Primrose",1401
SOLOMONDALE,0965
"SOLRIDGE, Cramerview",2060
SOMALIA,Z008
SOMAROBOGO,0461
SOMERSET EAST,5850
"SOMERSET HEIGHTS, Eersterfontein",7100
"SOMERSET HEIGHTS, Grahamstown/ Makhanda",6140
"SOMERSET OAKS, Somerset West",7130
"SOMERSET PARK, Retreat",7945
"SOMERSET PARK, Somerset West",7130
"SOMERSET PARK, Umhlanga",4319
"SOMERSET ROAD, CAPE TOWN",8014
SOMERSET WEST,7130
SOMERSET WEST Boxes,7129
SOMERSET-OOS,5850
SOMERSET-WES Busse,7129
SOMERSET-WES Strate,7130
"SOMERSETWEG, KAAPSTAD",8014
"SONEIKE, Kuilsriver",7580
"SONGLOED, Klerksdorp",2570
SONHEUWEL,1219
SONLANDPARK Boxes,1944
"SONLANDPARK, Vereeniging",1939
"SONNEGLANS, Olivedale",2158
"SONNEKUIL, Kuilsriver",7580
"SONNENDAL, Parow",7500
SONOP ( Tuesday Only),0258
"SONPARK, Nelspruit",1206
"SONSTRAAL, Durbanville",7550
"SOPHIATOWN, Johannesburg",2092
SOSHANGUVE,0152
"SOUTH BEACH, Durban",4001
"SOUTH CREST, Jhb South",1449
"SOUTH END, Port Elizabeth/ Gqeberha",6001
"SOUTH END, Strand",7140
SOUTH HILLS Boxes,2136
"SOUTH HILLS, Johannesburg",2197
"SOUTH KENSINGTON, Johannesburg",2094
SOUTH KOREA - Seoul,Z007
SOUTH KOREA Other Areas,Z007
"SOUTH RIDGE, Kimberley",8301
"SOUTH RIDGE, Verulam",4340
"SOUTH RIDING, Johannesburg",2190
SOUTHBROOM,4277
SOUTHDALE Boxes,2135
"SOUTHDALE, Johannesburg",2091
"SOUTHDENE, Blyvooruitsig",2504
"SOUTHDENE, Port Elizabeth/ Gqeberha",6001
"SOUTHERN CROSS, Constantia",7800
"SOUTHERN HILLS, Retreat",7945
SOUTHERNWOOD Boxes,5213
"SOUTHERNWOOD, East London",5201
SOUTHFIELD Boxes,7880
"SOUTHFIELD, Plumstead",7800
"SOUTHGATE, Durban",4068
"SOUTHPORT, Anerley",4230
"SOUTHPORT, Fish Hoek",7975
SOUTPAN (Thursday Only),9356
"SOUTPAN, Pretorai",0182
SOUTRIVIER,7925
SOVENGA,0727
"SOVENGA, Port Shepstone",4240
SOWETO,2001
"SOWETO-ON-SEA, Port Elizabeth",6201
SPAARWATER,1410
SPAARWATER,1410
SPAIN - Barcelona,Z006
SPAIN - Madrid,Z006
SPAIN - Other Areas,Z006
"SPANISH FARM, Somerset West",7130
"SPARKS Est/Lgd, Durban",4091
SPARTAN,1619
"SPEARVILLE, Barberton (Wednesday & Friday Only)",1300
"SPES BONA, Johannesburg",2094
"SPITSKOP, Thabazimbi ( Wednesday's Only)",0387
"SPITSKOP,Bloemfontein",9330
"SPOORNET HEAD OFFICE,",2134
"SPOORNET HOOFKANTOOR,",2134
"SPOORWEGTERREIN, Pretoria",0002
"SPRINCOL, Vereeniging",1939
SPRINGBOK,8240
"SPRINGBOKPARK, Brackenfel",7560
"SPRINGDALE, Port Elizabeth",6020
"SPRINGFIELD, Durban",4091
"SPRINGFIELD, Johannesburg",2190
"SPRINGFIELD, Johannesburg",2190
"SPRINGFIELD, Port Elizabeth",6070
SPRINGFONTEIN,9917
SPRINGS,1559
SPRINGS Boxes,1560
"SPRINGS Ext/Uit 3, Springs",1559
"SPRINGS Ext/Uit, Springs",1559
"SPRINGTOWN, Durban",4091
"SPRINGVALE FARM COTTAGE, Howick",3290
"SPRINGVALE FARM COTTAGE, Nottingham Road",3280
"SPRINGVALE, Durban North",4051
"SPRUITVIEW, Katlehong",1832
SQUARE HILL Boxes,7960
"SQUARE HILL PARK, Kimberley",8301
"SQUARE HILL, Retreat",7945
"SQUIRE'S VILLAGE, Retreat",7945
SRI LANKA - Colombo,Z009
SRI LANKA - Other Areas,Z009
ST ALBANS,6385
"ST ANDREWS, Bedfordview",2008
ST AUGUSTINE'S,3006
ST BARTHELEMY,Z008
ST BERHELEMY,Z009
ST CROIX,Z009
"ST DUMA, Kuilsriver",7580
ST EUSTATIUS,Z009
"ST FAITH'S (Monday,Wednesday & Friday)",4642
ST FRANCIS BAY,6312
ST FRANCISBAAI,6312
ST HELENA BAY (Tuesdays & Thursdays),7390
ST HELENA ISLAND,Z003
"ST HELENA, Calitzdorp,George ( Mon,Wednesday & Fri",6660
"ST HELENA, Welkom",9459
ST HELENABAAI (Tuesday & Thursdays),7390
ST JAMES Boxes,7946
"ST JAMES, Muizenberg",7945
ST JOHN,Z009
"ST KILDA, Brackenfell",7560
ST KITTS & NEVIS,Z009
ST LUCIA,Z009
"ST LUCIA, KZN (Tues & Friday Only)",3936
ST MAARTENS/ST MARTIN,Z009
ST MICHAEL'S ON SEA,4265
"ST MICHAEL'S, Brackenfell",7560
ST THOMAS,Z009
ST VINCENT,Z009
"ST WINIFRED'S, Amanzimtot",4126
STAAL Boxes,1906
"STAAL, Vanderbijlpark",1911
STAALHOF,0131
STAALVELD,1043
"STAATSDORP, Benoni",1501
"STAATSDORP, Germiston",1401
"STAATSDORP, Vereeniging",1939
"STAFFORD, Johannesburg",2197
STALPLEIN,8015
STAMFORD HILL,4025
"STAMFORD HILL, Durban",4001
"STAND Ext/Uit, Krugersdorp",1739
STANDERTON,2430
STANDFORD (Tuesday's & Thursday's),7210
"STANFIELDHILL, Standerton",2433
STANFORD (Tuesday's & Thursday's),7210
STANGER (KWADUKUZA),4450
"STANMORE, Durban",4051
"STARKEVILLE, Stanger/ KwaDukuza",4450
"STARWOOD, Durban",4051
STEADVILLE,3373
"STEEL PARK, Vereeniging",1939
"STEELEDALE, Johannesburg",2197
STEELPOORT,1133
STEENBERG Boxes,7947
STEENBERG Streets,7945
STEENBOKPAN,0533
"STEFANO PARK, Vanderbijlpark",1911
STEILLOOP,0617
"STEILTES,Nelspruit/ Mbombela",1200
STEINKOPF (Special Trip),8244
STELLA,8650
"STELLA LONDT PARK, Port Elizabeth",6045
"STELLENBERG, Durbanville",7550
STELLENBOSCH,7600
STELLENBOSCH Boxes,7599
"STELLENRIDGE, Bellville",7530
"STELLENRYK, Durbanville",7550
STERKRIVIER (Wednesdays Only),0630
STERKSPRUIT (Serviced out of BFN),9763
STERKSPRUIT (Serviced out of ELS) (Mon & Thur),9762
"STERKSPRUIT, Mpumalanga",1210
STERKSTROOM (Monday's & Thursday Only),5425
"STERPARK, Pietersburg",0699
STEUNMEKAAR (Special Only),9392
"STEURHOF, Plumstead",7800
"STEWARDBY, Lichtenburg",2740
"STEWARDS, Benoni",1501
STEYNING,7730
STEYNPAN,9464
STEYNSBURG (Tuesday's & Friday's Only),5920
STEYNSRUS (Friday Only),9515
"STEYNSRUST, Somerset West",7130
"STEYNSVLEI, Honingklip",1747
"STEYNVILLE, Hopetown",8750
"STEYTLER Tsp/Dgd, Port Elizabeth/ Gqeberha",6001
STEYTLERVILLE,6250
"STIKLAND, Bellville",7530
STILBAAI ( Tuesday & Thursday only),6785
"STILBAAI-WES, Stilbaai ( Tuesday & Thursday only)",6785
STILFONTEIN,2550
"STILFONTEIN EAST, Stilfontein",2550
"STILFONTEIN-00S, Stilfontein",2550
STILL BAY ( Tuesday & Thursday only),6785
STILL BAY ( Tuesday's and Thursday's Only),6785
"STILL BAY WEST, Still Bay (Tuesday & Thursday only",6785
"STIRLING & Ext/Uit, East London",5241
STOFFBERG (Thursday Only),1056
STOMPNEUS BAY,7382
STOMPNEUSBAAI,7382
"STONE BRIDGE, Durban",4051
"STONEHILL Est/Lgd, Parowv",7500
"STONEWOOD, Kraaifontein",7570
"STONEYBROOK FARM,Kokstad ( Mon, Wed & Fri)",4700
"STONEYDRIFT, East London",5247
STORMBERG,5501
"STORMILL, Roodepoort",1724
STORMS RIVER (Monday & Thursday Only),6308
STORMSRIVIER (Monday & Thursday Only),6308
"STORMVILLE, Florida",1709
STRAND,7140
STRANDFONTEIN Boxes,7788
"STRANDFONTEIN, Mitchells Plain",7785
"STRATFORD GREEN, Eersteriver",7100
"STRATHAVON Ext/Uit 1 - 6,",2031
"STRATHAVON Ext/Uit 17,18,",2031
"STRATHAVON Ext/Uit 7, 12",2148
"STRATHAVON, Bryanston",2031
STRAUSSBURG (Thursday Only),8816
"STREDFORD, Vereeniging",1939
"STREKFONTEIN, Krugersdorp",1739
STRIJDOMPLEIN,0126
"STRUANDALE, Port Elizabeth/ Gqeberha",6001
"STRUBENSVALLEI Ext/Uit 1,",1735
"STRUBENSVALLEI, Roodepoort",1735
STRUBENVALE Boxes,1570
"STRUBENVALE, Springs",1559
STRUIS BAY (Tuesday's & Thursday's Only),7285
STRUISBAAI (Tuesday's & Thursday's Only),7285
"STRUISBULT, Springs",1559
STRYDENBURG (Wednesday Only),8765
STRYDMAG,0455
"STRYDOMPARK, Randburg",2194
STRYDPOORT,2610
"STUART Tsp/Dgd, Port Elizabeth/ Gqeberha",6001
"STUART'S HILL, Somerset West",7130
STUDTIS,6686
STUIRMANSPAN,9475
STUTTERHEIM,4930
SUDAN - Khartoum,Z008
SUDAN - Other Areas,Z008
"SUIDEINDE, Port Elizabeth/ Gqeberha",6001
SUIDER-PAARL Boxes,7624
"SUIDER-PAARL, Paarl",7646
"SUIDERBERG, Pretoria",0082
"SUIDEROORD, Johannesburg",2091
"SUIDERSTRAND, Strand",7140
"SUIDRAND, Kroonstad",9499
"SUMMER GREENS, Milnerton",7441
"SUMMERPRIDE, East London",5247
"SUMMERSTRAND, Port Elizabeth/ Gqeberha",6001
"SUMMERVELD, Durban",3629
SUMMERVILLE,6107
"SUMMERVILLE, Kraaifontein",7570
"SUMMERWOOD, Port Elizabeth/ Gqeberha",6001
SUN CITY,9997
"SUN VALLEY,Fish Hoek",7975
"SUNAIR PARK, Brakpan",1549
"SUNBIRD PARK, Kuilsrivier",7580
"SUNBIRDPARK, Eersterivier",7100
"SUNBURY Est/Lgd, Heathfield",7945
"SUNDERLANDRIDGE, Centurion",0157
"SUNDOWNER & Ext/Uit, Randburg",2161
"SUNDOWNER, Randburg",2161
SUNDRA,2200
SUNDUMBILI,4491
"SUNFORD, Phoenix",4068
"SUNKIST Est/Lgd, Bellville",7530
SUNLAND,6115
"SUNLANDS Est/Lgd, Kenwyn",7780
"SUNNINGDALE & Ext/Uit 1,",2192
"SUNNINGDALE PARK, Rivonia",2128
"SUNNINGDALE RIDGE, Johannesburg",2192
"SUNNINGDALE, Cape Town",7441
"SUNNINGDALE, Durban",4051
"SUNNINGDALERIF, Johannesburg",2192
SUNNINGHILL,2157
SUNNINGHILL Boxes,2157
"SUNNINGHILL Ext/Uit 4,",2157
"SUNNY COVE, Fish Hoek",7975
"SUNNYBRAE, Newlands",7700
"SUNNYDALE, Eshowe",3815
"SUNNYDALE, Fish Hoek",7975
"SUNNYRIDGE, East London",5201
"SUNNYRIDGE, Newcastle",2953
"SUNNYRIDGE, Primrose",1401
"SUNNYROCK, Primrose",1401
"SUNNYSIDE, Athlone",7764
"SUNNYSIDE, Graaff-Reinet",6280
"SUNNYSIDE, Johannesburg",2092
"SUNNYSIDE, PRETORIA Boxes",0132
"SUNNYSIDE, Parys",9585
"SUNNYSIDE, Pietermaritzburg",3201
"SUNNYSIDE, Pretoria",0002
"SUNRAY Est/Lgd, Bellville",7530
"SUNRIDGE Est/Lgd, Table View",7441
SUNRIDGE PARK Boxes,6008
"SUNRIDGE PARK, Port Elizabeth",6045
"SUNRIDGE, Knysna",6570
"SUNRISE VIEW, Katlehong",1832
"SUNRISE-ON-SEA, East London",5201
"SUNSET ACRES, Johannesburg",2196
"SUNSET BEACH, Cape Town",7441
"SUNVALLEY, Pimville",1808
"SUNWARD PARK & Ext/Uit 1,",1459
SUNWARD PARK Boxes,1470
"SUNWICH PORT, Anerley",4230
"SUPERBIA Ext/Uit 20,",0699
"SURPRISE FARM, Pinetown",3610
"SURREY Est/Lgd, Athlone",7764
"SURREYSIDE, Athlone",7764
SURWELL,7762
SUSWE (Tuesdays Only),0612
SUTELONG ( Polokwane),0507
SUTHERLAND (Tuesdays Only),6920
SUURBEKOM,1787
"SUURBRAAK (Mon,Wed & Fri Only)",6743
"SUURGOUD, Lekkerplaas",1784
SWALALA,1254
"SWALESTOWN, Isipingo",4110
SWART-MFOLOZI,3115
SWARTBOOM (Friday's Only),0404
"SWARTBURG ( Monday, Wednesday & Friday)",4710
SWARTKLIP,0370
"SWARTKLIP, Mitchells Plain",7785
SWARTKOPS,6210
"SWARTKOPS Ext/Uit 2, 4, 7",6210
"SWARTKOPS, Verwoerdburg",0157
"SWARTKRANS FARM, Krugersdorp",1739
SWARTRUGGENS,2835
SWARTWATER,0622
SWAZILAND - Manzini,Z501
SWAZILAND - Mbabane,Z500
SWAZILAND - NhLangano,Z501
SWAZILAND - Other,Z502
SWEDEN - Other Areas,Z006
SWEDEN - Stockholm,Z006
"SWEET VALLEY, Bergvliet",7945
"SWEET WATERS, Walkerville",1876
SWELLENDAM (Monday's Wednesday & Friday),6740
"SWINBURNE (Monday, Wednesday & Friday)",3395
SWITZERLAND - Geneva,Z006
SWITZERLAND - Other Areas,Z006
SWITZERLAND - Zurich,Z006
"SYBRANDPARK, Rondebosch",7700
"SYDENHAM EAST, Johannesburg",2192
"SYDENHAM, Durban",4091
"SYDENHAM, Johannesburg",2192
"SYDENHAM, Port Elizabeth/ Gqeberha",6001
"SYDENHAM-OOS, Johannesburg",2192
SYDNEY,Z006
"SYDNEYVALE, Lavistown",7490
SYFERBULT (Tues & Thurs Only),2806
SYFERFONTEIN,2710
"SYFERFONTEIN ABATTOIR, Potchefstroom",2520
"SYMHURST, Primrose",1401
SYMRIDGE Boxes,1420
"SYMRIDGE, Germiston",1401
SYRIA - Damascus,Z007
SYRIA - Other Areas,Z007
TABANKULU (Special Trip) (Tuesday & Thursday),5130
TABANKULU (Special Trip)(Tuesday & Thursday),5131
"TABLE BAY HARBOUR, Cape Town",8001
TABLE VIEW Boxes,7439
TABLE VIEW Streets,7441
TADCASTER (Special Only),8560
"TAFELBAAIHAWE, Kaapstad",8001
"TAFELKOP, Limpopo",0474
"TAFELSIG, Mitchells Plain",7785
"TAGANASHOEK, Tzaneen",0859
TAHITI - Papeete,Z009
TAIWAN - Other Areas,Z006
TAIWAN - Taipei,Z006
"TALBOTON, Johannesburg",2192
"TALBOTPARK, Boksburg",1473
"TAMARA PARK, Verwoerdburg",0157
TAMBOERSKLOOF Boxes,8016
"TAMBOERSKLOOF, Cape Town",8001
"TAMSUI INDUSTRIA, George",6529
TANZANIA,Z008
TANZANIA - Other Areas,Z008
"TARA, Durbanville",7550
"TARENTAALRAND, Tzaneen",0850
TARKASTAD,5370
TARLTON,1749
"TASBET PARK, Witbank/ Emalahleni",1040
TAUNG,8584
"TAYBANK, Port Elizabeth",6025
TAYLORS HALT,4505
"TAYLORSHAM, Johannesburg",2197
"TECHNIKON, Roodepoort",1724
"TECHO PARK, Stellenbosch",7600
TECOMA,5214
"TEDSTONEVILLE, Elsburg",1407
TEK,0133
TEMBA,9998
"TEMBISA, Ermelo",2350
"TEMBISA, Johannesburg",1628
TEMPE Boxes,9318
"TEMPE, Bloemfontein",9301
"TENNANTVILLE, Stellenbosc",7600
"TERENURE, Kempton Park",1619
TERGNIET,6525
"TERMINUS STREET, EAST LONDON",5215
"TERMINUSSTRAAT, OOS-LONDEN",5215
THABA NCHU,9780
THABA PHATSHWA  (Special Only),9771
THABA TSWANA,0401
THABAZIMBI,0380
"THABONG, Welkom",9463
THAFAMASI,4343
THAILAND - Bangkok,Z007
THAILAND - Other Areas,Z007
"THALATHLAGANYANE, Pilansberg",0316
"THALMAN Est/Lgd, Bellville",7530
"THE ACRES, Goodwood",7460
"THE BOULDERS, SimonTown",7995
THE BROOK,2334
"THE CLIFFS, Bellville",7530
THE CRAGGS,6602
"THE DOWNS, Manenberg",7764
THE DUNCAN VILLAGE Boxes,5216
"THE FARM VAALBANK, Krugersdorp",1739
"THE FARM, Paddock (Mon,Wed, Fri)",4244
"THE HEADS, Knysna",6570
"THE HILL, Johannesburg",2197
"THE HILLS, Durbanville",7550
"THE LEAGUES, Mitchells Plain",7785
"THE OAKS, Hoedspruit (Freight Dependant)",1384
"THE ORCHARDS, Rosslyn",0200
"THE PLANETS, Benoni",1501
"THE RANGE, Elsiesriver",7490
"THE REEDS Ext/Uit 9, Verw",0158
"THE REEDS, Centurion",0157
"THE REEDS, Verwoerdburg",0158
THE REST ( Mbombela),1200
THE RIDGE FARM,4260
"THE RIDGE, Durbanville",7550
"THE RIDGE, Stellenbosch",7600
"THE SHIRES, Retreat",7945
"THE STEWARDS, Benoni",1501
"THE VILLAGE, Kraaifontein",7570
"THE VINES Est/Lgd, Constantia",7800
"THE WILDS, Pretoria",0042
"THE WILLOWS, Pretoria",0081
"THE WOLDS, Pinetown",3610
"THEESCOMBE, Port Elizabeth",6070
"THEMBALETHU, George",6529
"THEMBELISHA, Springs",1559
"THEMBISA, Johannesburg",1628
"THEMBISA, Middelburg",1050
THEODON,2402
"THEOVILLE AH, Vanderbijlpark",1911
THERESAPARK Ext/Uit 1 & 2,0155
"THERESAPARK, Pretoria",0155
THERONVILLE,9702
"THETA, Johannesburg",2013
THEUNISSEN,9410
THEUNISSEN (Serviced out of BFN),9410
"THIBAULT, Cape Town",8001
"THIRSTI/NORMANDIEN FARMS, Newcastle",2940
THISTLE GROVE,2273
THLABANE,0305
THOHOYANDOU,0999
THOKOZA,1421
THOLONGWE,0734
THOMAS RIVER,5311
THOMASRIVIER,5311
"THOMASVILLE Est/Lgd, Rugby",7405
"THORN PARK, East London",5241
THORNHAM,6307
THORNHILL (Monday & Wednesday Only),6375
"THORNHILL Est/Lgd, Athlone",7764
"THORNHILL, Modderfontein",1645
"THORNHILL, Polokwane",0882
THORNTON Boxes,7485
THORNTON Streets,7460
THORNVILLE,3760
"THREE ANCHOR BAY, Cape Town",8001
"THREE RIVERS & Ext 1,",1939
THREE RIVERS Boxes,1935
"THREE RIVERS EAST,",1941
"THUBALETHU, Kriel",2271
"THUBELIHLE, Kriel",2271
THULAMAHASHE (Tuesday & Thursday Only),1365
THULINI,3563
"THUNGELA, Witbank/Emalahleni",1035
THUNGWINI,3974
THUTHUKANI (Tuesday & Thursday),2434
TIBANEFONTEIN,0748
"TIEGERPOORT, Pretoria",0056
"TIEGERPOORT, Pretoria",0056
"TIERFONTEIN, Free State",9681
"TIERFONTEIN, Western Cape",7301
"TIERPOORT, Pretoria",0056
"TIGANE, Hartbeesfontein ( Monday, Wednesday & Fri)",2600
"TIJGERHOF, Milterton",7441
"TILEBA, Pretoria-Noord",0182
"TIMOUR HALL Est/Lgd, Plumstead",7800
"TINIS LOCATION, Fort Beaufort",5719
TINLEY MANOR,4420
TINMYNE,0603
"TLADI, kwaXuma",1868
"TLHABANE, Rustenburg",0300
"TLHAGENG, Kimberley",8301
TLHATLHAGANYANE,0314
TOEKOMSRUS Boxes,1765
"TOEKOMSRUS, Oudtshoorn",6620
"TOEKOMSRUS, Randfontein",1760
TOGO - Lome,Z007
TOGO - Other Areas,Z007
TOKAI,7945
TOKAI Boxes,7966
TOLWE,0690
TOM BURKE,0621
TONETTI,1303
"TONETTI Ext/Uit 13, Tonet",1303
TONGA,1224
TONGA VIEW,1224
TONGA VILLAGE,1321
TONGAAT,4400
TONTELDOOS (Special Trip),1111
"TORONGO Est/Lgd, Milnerton",7441
TOSCA  (Friday Only),8618
TOTIUSDAL,0134
TOUWS RIVER (Tuesday's & Thursday Only),6880
TOUWSRIVIER (Tuesday's & Thursday Only),6880
"TOWERBY, Johannesburg",2190
"TOWN BUSH VALLEY, Pietermaritzburg",3201
"TOWN VALLEY, Pietermaritzburg",3201
"TOWNHILL, Pietermaritzburg",3201
"TOWNSVIEW, Johannesburg",2190
"TRADE AGRI ( PTY)LTD, BLoemfontein",9301
TRAFALGAR,4275
TRANSVALIA,0135
TRAPPE'S VALLEY,6147
TRAWAL,8147
"TRAWALA, Plumstead",7800
TREASURE BEACH,4052
"TREEHAVEN, Port Elizabeth",6025
TREKKER Boxes,1547
"TREKKER, Brakpan",1540
"TRELAWNEY, Plumstead",7800
"TRENANCE PARK, Verulam",4340
"TRES JOLIE, Honeydew",2040
TREVES,0618
"TREVOLEN, Port Elizabeth",6070
"TRIANGLE FARM, Bellville",7530
TRICHARDT,2300
"TRICHARDTSDAL (Mon,Wed,Fri Only)",0890
"TRIM PARK, ( POTGIETERSRUS)",0601
TRINIDAD & TOBAGO,Z009
"TRIOMF, Johannesburg",2092
"TROJAN, Johannesburg",2190
TROMPSBURG,9913
"TROVATO, Rondebosch",7700
TROYEVILLE Boxes,2139
"TROYEVILLE, Johannesburg",2094
"TROYEVILLE, kwaNobuhle",6242
TRUROLANDS,4399
TSAKANE,1548
TSATE,1121
"TSGATSHU, Eastern Cape",5613
TSHABALALA,1242
TSHAKGOLO,9867
TSHAKHUMA,0951
TSHAMAHANSI,0659
TSHAULU (Wednesday Only),0987
TSHEHLWANENG,1124
"TSHELIMNYAMA, Pinetown",3610
TSHEPISO,1928
"TSHIAME B, Harrismith",9885
"TSHIAME, Harrismith",9886
"TSHIAWELO & Ext/Uit, Johannesburg",1818
TSHIAWELO Boxes,1817
TSHIAWELO Streets,1818
"TSHIKOMBANI VILLAGE ( Mon, Wed, Fri Only)",0993
TSHIKOTA,0920
TSHILAMBA ( Mondays Only),0956
TSHILIDZINI,0965
TSHILWAVHUSIKU,0938
"TSHING, Ventersdorp",2710
TSHIOMBO (Mondays Only),0984
TSHIPISE (Tues & Thurs Only),0901
"TSHISAHULU, Limpopo",0815
"TSHITEREKE, Thohoyandou",0971
TSIMANYANE,0453
TSITSIKAMMA ( Monday & Thursday only),6309
"TSITSIKAMMA SPRING WATER, Witelsbos",6304
"TSOLABOROKGO, Burgersfort",1150
TSOLO ( Thursday Only),5170
TSOMO (Monday's & Wednesday Only),5400
TUBATSE,1131
TUGELA (Tuesday & Thursday),4451
"TUGELA FERRY (Monday, Wednesday & Friday)",3504
TUGELA MOUTH (Teusday & Thursday),4451
TUGELA VAAL ( Tuesday & Thursday),3354
"TUINE, Kaapstad",8001
"TUINHOF, Kroonstad",9499
TUINPLAAS,0437
"TUKAKGOMO VILLAGE, Steelpoort",1133
TULBAGH,6820
"TULBAGH, Port Elizabeth",6025
"TULISA PARK & Ext/Uit 7,",2197
"TUMAHOLE, Parys",9585
TUNISIA - Other Areas,Z008
TUNISIA - Tunis,Z008
"TUNNEY, Germiston",1614
"TURF CLUB, Johannesburg",2190
TURFFONTEIN Boxes,2140
"TURFFONTEIN WEST, Johannesburg",2190
"TURFFONTEIN, Johannesburg",2190
"TURFFONTEIN-WES, Johannesburg",2190
"TURFHALL Est/Lgd, Lansdowne",7780
TURFLOOP,0727
TURKEY - Istanbul,Z008
TURKEY - Other Areas,Z008
"TURKMENISTAN, REPUBLIC OF",Z008
TURKS & CAICOS ISLANDS,Z009
"TUSSENDAL, Bergvliet",7785
"TWEE RIVIERE, JOUBERTINA, EC",6411
TWEEDEMYN Boxes,9467
"TWEEDEMYN, Welkom",9459
TWEEDIE,3255
"TWEEFONTEIN, Coalville (Tuesday & Thursday)",1033
"TWEEFONTEIN, Pietersburg",0700
TWEELAAGTE,0366
TWEELING (Serviced out of Bethlehem),9820
TWEESPRUIT,9770
TWENTY-FOUR RIVERS,0542
"TWIN PALMS, Strand",7140
"TYGER VALLEY, Bellville",7530
"TYGER VALLEY, Pretoria",0056
TYGERBERG Boxes,7505
"TYGERBERG HILLS, Bellville",7530
"TYGERBERG, Parow",7500
TYGERDAL Boxes,7462
"TYGERDAL, Goodwood",7460
"TYGERHOF Est/Lgd, Milnerton",7441
TYGERPARK,7536
"TYGERVALLEI, Bellville",7530
TYLDEN,5323
"TYOLORHA, George",6540
TZANEEN,0850
UBOMBO ( Wednesday Only),3970
UGANDA - Kamplala,Z008
UGANDA - Other Areas,Z008
UGIE (48 Hours),5470
UITENHAGE (KARIEGA),6230
"UITKOMS, Kathu",8446
"UITSIG, Bloemfontein (Monday & Wednesday)",9301
"UITSIG, Kroonstad",9499
"UITSIG, Mancorp Mine",8423
"UITSIG, Ravensmead",7490
"UITSIG, Wellington",7655
UITVAL ( Friday Only),2920
"UITVALFONTEIN, Randfontein",1767
"UITZICHT, Durbanville",7550
UKRAINE,Z008
"ULCO (Monday,Wednesday & Friday)",8390
ULUNDI,3838
"UMASIZAKHE, Graaff-Reinet",6280
UMBILO Boxes,4075
"UMBILO, Durban",4001
UMBOGINTWINI Boxes,4120
UMBOGINTWINI Streets,4126
UMBUMBULU,4105
UMDLOTI BEACH,4350
"UMDLOTI, Durban",4319
"UMGABABA, Umkomaas",4170
"UMGENI Est/Lgd, Howick",3290
"UMGENI HEIGHTS, Durban North",4051
"UMGENI PARK, Durban North",4051
"UMGENI, Durban",4001
"UMGENIHOOGTE, Durban-Noor",4051
"UMGUNGUNDLOVU, Pietermaritzburg",3201
UMHLALI,4390
UMHLANGA,4320
UMHLANGA RIDGE,4320
UMHLANGA ROCKS,4320
"UMHLATHUZE, Empangeni",3880
"UMHLATUZANA, Chatsworth",4092
UMKOMAAS,4170
"UMKUMBAAN, Durban",4091
UMLAAS ROAD,3730
UMLAASWEG,3730
UMLAZI,4031
"UMLAZI, Durban",4066
"UMNAMBITHI, Ladysmith",3370
UMTATA (MTHATHA),5100
UMTENTWENI,4235
UMVOTIKLOOF,3510
UMZIMKULU (Teusday & Thursday),4635
UMZINTO,4200
"UMZINTO, Umbelebele Farm (Special Trip)",4200
UMZINTO/STA,4201
UMZOKHULAYO,4400
UMZUMBE,4225
UNDERBERG,4590
UNIBELL,7539
UNIEDAL Boxes,7612
"UNIEDAL, Stellenbosch",7600
"UNIEGEBOU, PRETORIA",0136
"UNIEPARK, Stellenbosch",7600
UNIFIED Boxes,1713
"UNIFIED, Florida",1709
"UNIGRAY, Johannesburg",2197
"UNION BUILDINGS, PRETORIA",0136
"UNION SETTLEMENTS, Germiston",1401
"UNION Tsp/Dgd, Germiston",1401
"UNIONDALE (Monday, Wednesday & Friday)",6460
UNISARAND,0148
UNISEL,9477
"UNITAS PARK Ext/Uit 1,",1942
"UNITAS PARK, Vereeniging",1942
UNITED ARAB EMIRATES - Abu Dhabi,Z007
UNITED ARAB EMIRATES - Dubai,Z005
UNITED ARAB EMIRATES - Other Areas,Z007
UNITED KINGDOM - London,Z004
UNITED KINGDOM - Other Areas,Z005
UNIVERSITAS Boxes,9321
"UNIVERSITAS, Bloemfontein",9301
UNIVERSITEIT VAN KAAPSTAD,7700
"UNIVERSITEITSOORD, Stellenbocsh",7600
"UNIVERSITY Est/Lgd, Woods",7925
"UNIVERSITY OF CAPE TOWN,",7700
"UP2DATE TECHNOLOGIES, ERASMIA",A030
"UPDUSTRIA, Upington",8801
UPINGTON (Serviced out of BFN),8800
UPINGTON (Serviced out of JNB),8800
"UPPER FAIRFIELD Est/Lgd,",7500
"UPPER FERNCLIFFE,",3201
UPPER NSELENI,3884
UPPER TONGAAT,4402
"UPPER WYNBERG, Plumstead",7800
URANIAVILLE,2570
"URBAN'S VILLE, Rosemoor",6532
"URBANVILLE, George",6529
URIONSKRAAL,8171
URUGUAY - Montevideo,Z009
URUGUAY - Other Areas,Z009
USA - New York,Z006
USA - Other Areas,Z006
USUTU,0624
"UTHOKOZANI, Nelspruit",1346
"UTILITY, Kimberley",8301
"UTLWANENG, Christiana (Tuesday & Thursday Only)",2680
UTRECHT (Wed & Fri Only),2980
UVONGO,4270
UZBEKISTAN,Z008
V & A WATERFRONT,8001
VAAL,1939
VAAL MARINA (Tuesdays & Thursdays),1945
VAAL REEF,2621
"VAALBANK, Hlobane",3145
"VAALBANK, Middelburg",1050
"VAALDRIFT, Vereeniging",1939
VAALPARK Boxes,9573
"VAALPARK, Sasolburg",9570
"VAALTYN, Potgietersrus (Mokopane)",0600
VAALWATER (MABATLANE),0530
VAL (Special Trip - Additional Charges Req.),2425
"VAL DE VIE, Paarl",7646
"VAL-DE-GRACE, Pretoria",0184
VALBLUM,1783
VALDEZIA (Tues & Thurs Only),0935
"VALENCIA PARK, Nelspruit/ Mbombela",1200
"VALERIEDENE, Johannesburg",2195
"VALHALLA PARK, Bontheuwel",7490
"VALHALLA, Cape Town",7480
"VALHALLA, Pretoria",0137
"VALHALLA, Pretoria",0185
"VALKENBERG, Observatory",7925
"VALLEISIG, Uitenhage/ Kariega",6230
"VALLEY Est/Lgd, Houtbay",7800
"VALLEY SETTLEMENTS, Meyerton",1961
VALLIS,0138
"VALMARY PARK, Durbanville",7550
"VALSBAAI, Muizenberg",7945
VALTAKI AH,1027
VALYLAND Boxes,7978
"VALYLAND, Fish Hoek",7975
VAN DER HEEVERSRUS,9491
"VAN DER HOFFPARK,",2520
"VAN DER STEL, Port Elizabeth",6025
"VAN DER STEL, Somerset West",7130
"VAN DER WALTPARK, Durban",4052
VAN DYKPARK Boxes,1471
"VAN DYKPARK, Boksburg",1459
VAN DYKS BAY,7220
VAN DYKSDRIF (Special Trip),2245
"VAN REENEN (Monday,Wednesday & Friday)",3372
"VAN RHYN, Benoni",1501
VAN RIEBEECKPARK & Ext,1619
VAN RIEBEECKPARK Boxes,1629
"VAN RIEBEECKPARK, Durban",4052
"VAN RIEBEECKPARK, Ladysmith",3370
"VAN RIEBEECKPARK, Worcester",6850
"VAN RIEBEECKSTRAND, Melkbosstrand",7441
VAN STADENSRUS,9945
"VAN WYKSDORP ( Monday, Wednesday & Friday only)",6790
VAN WYKSVLEI (Special Trip),7050
"VAN WYKSVLEI, Wellington",7655
VAN ZYLSRUS (Special Trip),8467
VANDERBIJLPARK,1911
VANDERBIJLPARK Boxes,1900
VANDERKLOOF (Wednesday Only),8771
"VANDERKLOOFDAM, Vanderkloof (Wednesday Only)",8771
VANDERSTEL Boxes,7132
"VANDIA GROVE, Randburg",2194
"VANES Est/Lgd, Uitenhage/ Kariega",6230
"VANGUARD Est/Lgd, Athlone",7764
VANRHYNSDORP,8170
VANUATU,Z009
"VASCO, Goodwood",7460
"VASFONTEIN, Pyramid",0120
VATICAN CITY,Z007
VEEKRAAL,0729
"VEEPLAAS, Port Elizabeth/ Gqeberha",6001
VEGANVIEW Boxes,1612
"VELD EN VLEI, Richards Bay",3900
VELDDRIF,7365
"VELDPOSKANTOOR 1 (VPK 1),",0106
VELDRIFT,7365
VENDA,0999
"VENETIA MINE, Alldays (Special Trip)",0909
VENEZUELA - Caracas,Z009
VENEZUELA - Other Areas,Z009
VENNING PARK,0139
VENTERSBURG,9450
VENTERSDORP,2710
"VENTERSPOS Boxes (Monday,Wednesday & Friday)",1782
"VENTERSPOS, Westonaria",1780
VENTERSTAD,5990
"VERDEDIGINGSTERREIN,",0002
VEREENIGING,1939
VEREENIGING Boxes,1930
VERENA,0458
VERGELE# (Friday Only),8622
"VERGELEGEN, Port Elizabeth",6025
"VERGENOEG, East London",5209
"VERGENOEG, Galeshewe",8330
"VERGENOEG, Mankurwane",8345
"VERGESIG, Durbanville",7550
VERKEERDEVLEI (Wednesday Only),9401
VERKYKERSKOP (Special Trip) (Serviced out of Bethl,9882
VERMAAKLIKHEID,6771
"VERMAAS (Monday, Wednesday & Friday)",2727
"VERMAASDRIFT ROAD, Potchefstroom",9520
"VERMAASDRIFT, Stilfontein",2550
"VERMONT, Cape Town",7201
VERNEUKPAN (Special Trip),7021
"VERONA, Durbanville",7550
VERULAM,4340
VERWOERDBURG,0157
VERWOERDBURG (CENTURION),0140
VERWOERDDAM,9922
"VERWOERDPARK, Alberton",1453
"VERWOERDPARK, Kimberley",8301
"VHUFULI, Thohoyandou",0971
"VICTORIA BAY, George",6542
"VICTORIA PARK, Port Elizabeth/ Gqeberha",6001
"VICTORIA PARK, Queenstown/ Komani",5320
"VICTORIA PARK, Worcester",6850
VICTORIA WEST (Friday only),7070
"VICTORIA WEST (Serviced out of GRJ)(Mon, Wed, Fri)",7070
"VICTORIA, Johannesburg",2192
"VICTORY PARK, Johannesburg",2195
"VIENA, Limpopo",0708
VIER-EN-TWINTIG RIVIERE,0542
VIERFONTEIN,9530
VIERFONTEIN,2615
"VIERFONTEIN, Klerksdorp",2570
"VIERLANDEN, Durbanville",7550
VIETNAM - Hanoi,Z008
"VIEWCREST, Athlone",7764
"VIEWCREST, Johannesburg",2192
"VIKINGVALE, Port Elizabeth",6025
VILJOENSDRIF,9580
VILJOENSKROON,9520
"VILLA LISA, Boksburg",1459
VILLA NORA,0607
"VILLA ROSA, Verwoerdburg",0157
"VILLAGE CLOSE, Durbanville",7550
"VILLAGE DEEP, Johannesburg",2001
"VILLAGE MAIN, Johannesburg",2001
VILLAGE OF HAPPINESS,4280
VILLIERIA Boxes,0141
"VILLIERIA, Pretoria",0186
VILLIERS (Serviced out of Bethlehem),9840
VILLIERSDORP,7170
"VINCENT HEIGHTS EAST,",5241
"VINCENT HEIGHTS WEST,",5247
"VINCENT HEIGHTS, East London",5247
"VINCENT HEIGHTS-OOS,",5241
"VINCENT HEIGHTS-WES,",5247
"VINCENT, East London",5247
"VINCENT, East London",5217
"VINTONIA, Nelspruit/ Mbombela",1201
VIOOLSDRIFT (Special Trip),8245
VIRGIN ISLANDS (USA),Z009
VIRGINIA,9430
VIRGINIA (Serviced out of WEL),9430
"VIRGINIA, Durban",4051
"VISAGIEPARK, Nigel",1490
VISGAT,0539
VISHOEK,7975
VISRIVIER (Monday & Tuesday Only),5883
"VISSERHOEK, Cape Town",7530
"VISTA PARK, Bloemfontein",9301
"VITA NOVA Est/Lgd, Tokai",7785
VIVO,0924
VLAEBERG,8018
VLAKDRIF,2808
"VLAKFONTEIN, Benoni",1550
"VLAKFONTEIN, Roodepoort",1724
"VLAKLAAGTE NO 1, Mpumalanga",0458
"VLAKPLAAS, TARLTON",1749
VLAKPOORT (Monday Only),2491
VLAKTEPLAAS,6631
VLEESBAAI ( Tuesday & Thursday only),6504
"VLEI PARK, Kraaifontein",7570
VLEIFONTEIN (Tues & Thurs Only),0948
VLEIKOP,1759
VLOTTENBURG,7604
"VMS DIRECT, ISANDO",A031
VOELKLIP,7203
"VOELVLEI, Kuilsriver",7580
"VOGELFONTEIN, Boksburg",1459
"VOLKSRUST (Mon, Wed & Fri)",2470
VOLLGRAAFFSIG  (Thursday Only),8824
VOLMOED,6624
"VOLTARGO (Monday, Wednesday & Friday)",2226
"VON GEUSAU PARK, Vanderbijlpark",1911
VONDWE,0952
VONGANI,0930
"VOORBAAI, Mosselbay",6500
VOORREG,0451
"VOORSPOED, Welkom",9459
VOORTREKKERHOOGTE Boxes,0143
"VOORTREKKERHOOGTE, Pretoria",0187
VOORTREKKERSTRAND,4279
VOORUITSIG GEVANGENISTERR,9499
"VOORWAARTS, Kroonstad",9499
VORENTOE,0259
VORNA VALLEY Boxes,1686
"VORNA VALLEY, Halfway House",1686
VORSTERSHOOP,8615
"VORSTERSKROON, Nigel",1490
VOSBURG (Monday Only),8960
VOSLOORUS & Ext/Uit 2 - 1,1468
VREDE,9835
VREDEDORP Boxes,2141
"VREDEDORP, Johannesburg",2092
VREDEFORT,9595
"VREDEHOEK, Cape Town",8001
"VREDEKLOOF, Brackenfell",7560
"VREDELUST Est/Lgd, Bellville",7530
"VREDENBERG, Bellville",7530
VREDENBURG,7380
VREDENDAL,8160
VREDENDAL NORTH Boxes,8161
"VREDENDAL NORTH, Vredenda",8160
VREDENDAL-NOORD Busse,8161
"VREDENDAL-NOORD, Vredenda",8160
"VREDEPARK, Johannesburg",2092
VRIJZEE Boxes,7495
"VRIJZEE, Goodwood",7460
"VRISCHGEWAAGD, Kroonstad",9499
VRYBURG,8600
"VRYGROND, Western Cape",7945
VRYHEID,3100
"VRYKYK, Paarl",7646
"VUKENZILE, Bloemfontein",9323
"VUKUZAKHE, Volksrust (Mon, Wed, Fri)",2470
"VULCANIA, Brakpan",1540
"VULINDLELA VILLAGE, Port Elizabeth",6210
"VULINDLELA, Mthatha",5143
VUMANHLAMVU,3858
VUWANI,0931
"VUYOLWETHU, Steytlerville",6250
"VYF BRAKKE FONTEINEN, Mosselbay",6506
"VYFHOEK, Potchefstroom",2531
"VYFHOEK, Potchefstroom",2531
"VYGEBOOM, Durbanville",7550
WADEVILLE Boxes,1422
"WADEVILLE, Germiston",1407
"WAKEFIELD Est/Lgd, Gatesville",7764
"WAKKERSTROOM (Monday, Wednesday & Friday)",2480
"WALDRIFT, Vereeniging",1939
WALES,Z004
WALKERVILLE,1876
"WALLACEDENE, Kraaifontein",7570
WALLIS & FUTUNA,Z009
WALLMANSTHAL,0152
WALMER Boxes,6065
"WALMER DOWNS, Port Elizabeth",6070
"WALMER Est/Lgd, Woodstock",7925
"WALMER HEIGHTS, Port Elizabeth",6070
WALMER TOWNSHIP,6065
"WALMER, Port Elizabeth",6070
"WALMERHOOGTE, Port Elizabeth",6070
"WALTLOO, Pretoria",0184
WAMAKERSVALLEI Boxes,7656
"WAMAKERSVALLEI, Wellington",7655
"WANDERERS VIEW, Johannesburg",2001
WANDSBECK,3631
"WANNENBURG, Primrose",1401
"WAPADRAND, Pretoria",0081
WARBURTON (Thursday Only),2333
WARDEN (Serviced out of Bethlehem),9890
WARMBATHS (BELA-BELA),0481
WARNER BEACH Boxes,4140
WARNER BEACH Streets,4126
"WARRENLEA, Rondebosch",7700
"WARRENTON, Northern Cape (Tuesday & Thursday Only)",8530
"WARRENTON, Stanger/ KwaDukuza",4450
WARTBURG (Serviced on Tues/ Thurs),3450
WASBANK,2920
"WATERBERRY WOOD, Richard",3902
"WATERBRON, Bloemfontein",9301
"WATERFALL CITY, Midrand",1684
"WATERFALL PARK, Mayville, Durban",4091
"WATERFALL, Pinetown",3610
WATERFRONT Boxes,8002
"WATERFRONT, Cape Town",8001
"WATERGLEN, Rustenburg",0299
WATERKLOOF,0157
WATERKLOOF AIR FORCE BASE,0157
"WATERKLOOF GLEN, Pretoria",0010
"WATERKLOOF HEIGHTS, Pretoria",0181
"WATERKLOOF LUGMAGBASIS,",0157
"WATERKLOOF RIDGE & Ext 2,",0181
"WATERKLOOF, Bellville",7530
"WATERKLOOF, Ellisras",0555
"WATERKLOOF, PRETORIA Boxes",0145
"WATERKLOOF, Pretoria",0181
"WATERKLOOF, Rustenburg",0299
"WATERKLOOF, Rustenburg",0300
"WATERKLOOFPARK, Pretoria",0181
"WATERKLOOFRIF & Uit 2,",0181
"WATERLOO, BLACKBURN, Durban",4319
"WATERLOO, Verulam",4319
"WATERPAN, Westonaria",1780
WATERPOORT (Tues & Thurs Only),0905
WATERSKAG Boxes,9461
"WATERSKAG, Welkom",9459
"WATERVAL EAST, Rustenburg",0299
"WATERVAL Est/Lgd, Johannesburg",2195
"WATERVAL, Rustenburg",0300
WATERVAL-BOVEN (EMGWENYA) (Wedsday Only),1195
WATTVILLE Boxes,1516
"WATTVILLE, Benoni",1501
"WAVE CREST, Mitchells Plain",7785
"WAVECREST, Jeffreys Bay",6330
"WAVERLEY, Bloemfontein",9301
"WAVERLEY, Johannesburg",2090
"WAVERLEY, Pretoria",0186
"WEAVIND PARK, Pretoria",0184
"WEBBER, Germiston",1401
"WEDELA, Carletonville (Freight Depending)",2500
WEENEN,3325
"WEESGERUS HOLIDAY RESTORT, Modimolle",0510
WEGDRAAI  (Thursday Only),8826
WEIKLOOF FARM,6411
WEIKLOOF PLASE,6411
WELBEDAG,6626
WELBEKEND,1517
"WELCOME Est/Lgd, Athlone",7764
WELCOME GLEN,7975
"WELGEDACHT, Utrecht (Wed & Fri Only)",2980
WELGEDAG Boxes,1572
"WELGEDAG, Springs",1559
"WELGEKOZEN PLOT, Emkhondo Piet Retief",2380
"WELGELEGEN & Ext/Uit 1,",0699
"WELGELEGEN, Parow",7500
"WELGELEGEN, Stellenbosch",7600
WELGEMOED Boxes,7538
"WELGEMOED, Bellville",7530
"WELGEVONDEN, Stellenbosch",7600
WELKOM,9459
WELKOM,9459
"WELKOM Ext/Uit 19, Welkom",9459
WELLINGTON,7655
WELLINGTON/STA,7657
WELLS ESTATE,6211
"WELLWAY PARK EAST, Durbanville",7550
"WELLWAY PARK, Durbanville",7550
"WELLWAY PARK-OOS, Durbanville",7550
"WELTEVREDE, Koppies",9540
"WELTEVREDE, Plumstead",7800
"WELTEVREDEN VALLEY,",7785
WELTEVREDENPARK & Ext/Uit,1709
WELTEVREDENPARK Boxes,1715
WELTRIX,9438
WELVERDIEND,2700
WELVERDIEND AH,1989
WEMBEZI,3310
"WEMBLEY, Pietermaritzburg",3201
"WEMBLEYPARK, Eersterivier",7100
"WEMBLY PARK, Kuilsrivier",7580
"WEMMER, Johannesburg",2001
WEMMERSHOEK,7691
WENAKKER,9437
WENDYWOOD Boxes,2144
"WENDYWOOD Ext/Uit 4, Bramley",2148
"WENDYWOOD, Bramley",2148
WENTWORTH Boxes,4076
"WENTWORTH PARK, Krugersdorp",1739
"WENTWORTH, Durban",4052
WEPENER,9944
"WERKGENOT, Ravensmead",7490
"WES PARK, Plumstead",7800
WES-KRUGERSDORP Busse,1742
WES-KRUGERSDORP Strate,1739
WES-RAND,1746
"WESBANK, Kingwilliams/ Qonce",5600
"WESBANK, Oos-Londen",5201
"WESBANK, Oudtshoorn",6620
"WESBURG, Pietersburg",0699
"WESCO PARK, Wendywood",2148
"WESEINDE, DURBAN",4077
"WESEINDE, Kimberley",8301
WESFLEUR,7349
WESKANAAL,8533
"WESOEWER, Calitzdorp",6660
WESPARK Busse,0146
"WESPARK, Kroonstad",9499
"WESPARK, Pretoria",0183
WESSELSBRON,9680
WESSELSBRON (Serviced out of Welkom),9680
"WESSELTON & Ext/Uit,",2350
"WEST ACRES & Ext/Uit 13,Nelspruit/ Mbombela",1200
WEST BANK Boxes,5218
"WEST BANK, East London",5201
"WEST BANK, Kingwilliams/ Qonce",5600
"WEST BANK, Malmesbury",7300
"WEST BANK, Oudtshoorn",6620
WEST BEACH,7441
"WEST END, DURBAN",4077
"WEST END, Kimberley",8301
"WEST END, Parys",9585
"WEST END, Pniel",7681
"WEST END, Port Elizabeth",6059
"WEST HILL, Grahamstown/ Makhanda",6140
"WEST HILL, Knysna",6570
WEST KRUGERSDORP Boxes,1742
WEST KRUGERSDORP Streets,1739
WEST PARK Boxes,0146
"WEST PARK, Pretoria",0183
WEST PORGES,1762
"WEST QUEENSBURGH Est/Lgd,",4093
WEST RAND,1746
"WEST RIDGE, Durban",4091
"WEST RIDGE, Durban",4091
"WEST RIDING, Durban",4091
"WEST RIDING, Pinetown",3610
"WEST TURFFONTEIN, Johannesburg",2190
"WESTBOURNE, Queenstown/ Komani",5320
WESTBROOK,4399
"WESTBURY, Johannesburg",2093
"WESTCLIFF, Chatsworth",4092
"WESTCLIFF, Hermanus",7200
"WESTCLIFFE & Ext/Uit, Orlando",1804
"WESTCLIFFE LOCATION, Orlando",1804
"WESTCLIFFE, Johannesburg",2193
"WESTDENE, Benoni",1501
"WESTDENE, Bloemfontein",9301
"WESTDENE, Johannesburg",2092
"WESTENBURG Ext/Uit 1, 15,",0699
"WESTERGLOOR, Randfontein",1760
"WESTERING, Port Elizabeth",6025
WESTERN COLOURED TOWNSHIP,2093
"WESTERN EXTENSION, Benoni",1501
"WESTERN Ext/Uit, Krugersd",1739
"WESTERN HILLS, Port Elizabeth",6025
WESTERN LEVELS,2501
"WESTFIELD, Edenvale",1609
WESTGATE,1734
"WESTGATE, Johannesburg",2001
"WESTGATE, Mitchells Plain",7785
"WESTGATE, Pietermaritzburg",3201
"WESTHAM, Durban",4051
WESTHOVEN,2142
WESTLAKE Boxes,7967
"WESTLAKE, Retreat",7785
"WESTLANDS, Durban",4091
WESTMEAD,3610
WESTMEAD Boxes,3608
"WESTMEAD, Pinetown",3610
WESTMINSTER,9765
WESTONARIA,1780
"WESTRIDGE Cape Town, Boxes",7802
"WESTRIDGE Cape Town, Street",7785
"WESTRIDGE, MosselBay",6500
"WESTRIDGE, Somerset West",7130
"WESTRIF, Durban",4091
"WESTS, Durban",4001
"WESTVIEW & Ext/Uit,",6045
"WESTVIEW, Somerset East",5850
WESTVILLE,3630
"WESTVILLE NORTH, Westville",3630
"WESTVILLE-NOORD, Westville",3630
"WETTON, Kenwyn",7780
"WEYBRIDGE PARK, Port Elizabeth",6070
"WEZA (Monday,Wednesday & Friday)",4685
"WHEATFIELD Est/Lgd, Lansdowne",7780
"WHEATLANDS, Randfontein",1759
"WHETSTONE, Durban",4051
"WHITE CITY, Ceres",6835
"WHITE CITY, Ermelo",2350
"WHITE CITY, Mankurwane",8345
"WHITE CITY, Pimville",1808
"WHITE CITY, Queenstown/ Komani",5320
"WHITE CITY, Saldanha",7395
"WHITE HOUSE PARK, Phoenix",4068
"WHITE RIDGE, Florida",1709
WHITE RIVER,1240
"WHITEFIELD PARK,",4126
WHITESANDS ( Tuesday & Thursday),6761
"WHITNEY GARDENS, Johannesburg",2090
"WHITNEY GREEN, Milnerton",7441
WHITTLESEA (Tuesday & Thursday Only),9996
WIBSEY,1717
"WIDENHAM, Umkomaas",4170
WIEGANDIA,9380
"WIERDA VALLEY, Johannesburg",2196
WIERDAPARK Boxes,0149
"WIERDAPARK Ext/Uit 2 & 5,",0149
"WIERDAPARK, Verwoerdburg",0149
"WIESENHOF, Heidelberg",A032
"WIGGINS, Durban",4091
"WIGWAM, Rustenburg",0299
"WILBERT, Edenvale, Tvl",1609
"WILBOTSDAL, Randfontein",1759
"WILD EN WEIDE, Richards Bay",3900
WILDERNESS,6560
WILDERNIS,6560
"WILDWOODS, Mitchells Plain",7785
WILGEBOOM,2531
"WILGEHEUWEL, Roodepoort",1736
"WILGEHOF, Bloemfontein",9301
"WILGENHOF, Kroonstad",9499
WILGENHOUTSDRIF  (Thursday Only),8821
"WILGERPARK, Harrismith",9880
"WILGERPARK, Harrismith (Serviced out of Bethlehem)",9881
"WILKENSHOF FARM, Brondal",1201
"WILKEVILLE, Klerksdorp",2570
"WILKOPPIES, Klerksdorp",2570
WILLISTON (Thursday only),7040
"WILLOW ACRES, Pretoria",0081
"WILLOW GLEN, Port Elizabeth",6025
"WILLOW GLEN, Pretoria",0081
"WILLOW PARK, East London",5201
"WILLOWBROOK, Roodepoort",1724
"WILLOWDENE, Port Elizabet",6070
"WILLOWGLADE, Dieprivier",7800
"WILLOWGROVE, Port Elizabeth",6070
"WILLOWILD, Johannesburg",2196
WILLOWMORE,6680
"WILLOWPARK MANOR, Pretoria",0184
"WILLOWS, BLOEMFONTEIN",9320
"WILLOWS, Bloemfontein",9301
"WILLOWSTREAMS, Randburg",2194
"WILLOWTON, Pietermaritzburg",3201
WILLOWVALE (Tuesday Town Only),5238
"WILROPARK & Ext/Uit 3, 5,",1724
WILROPARK Boxes,1731
"WILSONIA, East London",5247
WINBURG ( Wednesday's Only),9420
WINCHESTER HILLS & Ext,2091
"WINDERMERE FARM, Durban",4001
"WINDERMERE, Durban",4001
"WINDERMERE, Maitland",7405
WINDMEUL,7630
"WINDMILL PARK, Boksburg",1459
"WINDSOR EAST, Randburg",2194
"WINDSOR Est/Lgd, Diepriver",7800
"WINDSOR GLEN, Randburg",2194
WINDSOR PARK Randburg,2194
"WINDSOR PARK, Despatch",6220
"WINDSOR PARK, Diepriver",7800
"WINDSOR PARK, Kraaifontein",7570
"WINDSOR WEST, Randburg",2194
"WINDSOR, Queenstown/ Komani",5320
"WINDSOR, Randburg",2194
"WINDSOR-OOS, Randburg",2194
"WINDSOR-WES, Randburg",2194
WINDSORTON (Tuesday & Thursday),8510
"WINDVOGEL, Port Elizabeth",6059
"WINGATE PARK, Pretoria",0153
"WINGFIELD RADIO, Goodwood",7460
WINKLESPRUIT Boxes,4145
WINKLESPRUIT Streets,4126
"WINSLEY, Bellville",7530
"WINSTON PARK, Pinetown",3610
"WINSTON RIDGE, Johannesburg",2196
"WINTERNEST, Pretoria",0182
WINTERSKLOOF,3240
"WINTERSTRAND, East London",5201
WINTERTON (Tuesday & Thursday),3340
WINTERVELD,0198
WITBANK (EMALAHLENI),1034
"WITBANK (EMALAHLENI) Ext/Uit 8, 10, 12",1034
WITBEECK,1729
WITELSBOS,6304
WITFIELD Boxes,1467
"WITFIELD, Boksburg",1459
"WITFONTEIN, Kempton Park",1620
"WITKOPDORP, Randvaal",1961
WITKOPPEN,2191
"WITKOPPIE RIDGE, Boksburg",1459
"WITKOPPIERIF, Boksburg",1459
WITMOS,5825
WITPOORT HOSPITAL,0554
"WITPOORT, Limpopo (Tues&Thurs)",0554
WITPOORTJIE & Ext/Uit 1 &,1724
WITRIVIER,1240
WITS Boxes,2050
"WITS, Johannesburg",2001
WITSAND ( (Tuesday & Thursday),6761
WITSIESHOEK,9870
"WITSIESHOEK MOUNTAIN LODGE,  Phuthaditjhaba",9866
WITTEBOME Boxes,7840
"WITTEBOME, Plumstead",7800
WITTEDRIF (Tuesday & Thursday),6603
"WOLHUTER, Johannesburg",2094
"WOLMARANSPOORT, Pretoria",0002
WOLMARANSSTAD (Tues & Thurs Only),2630
"WOLMER, Pretoria-Noord",0182
WOLSELEY,6830
WOLTEMADE Boxes,7445
"WOLTEMADE, Maitland",7405
WOLWEFONTEIN,6237
WOLWEHOEK,9550
"WONDERBOOM SOUTH, Pretoria",0084
"WONDERBOOM, Pretoria",0182
"WONDERBOOM-SUID, Pretoria",0084
WONDERFONTEIN (Tuesday and Thursday Only),1101
"WONDERVIEW, Port Elizabeth",6025
"WOODBRIDGE ISLAND, Milnerton",7441
"WOODBROOK, East London",5201
"WOODBURY, Mitchells Plain",7785
"WOODDALE Est/Lgd, Plumstead",7800
"WOODHAVEN, Durban",4011
"WOODHILL, Pretoria",0059
"WOODHURST, Chatsworth",4092
"WOODLANDHILLS, Bloemfontein",9301
"WOODLANDS PARK, Lansdowne",7780
"WOODLANDS, Durban",4011
"WOODLANDS, Mitchells Plain",7785
"WOODLANDS, Paterson",6130
"WOODLANDS, Pietermaritzburg",3201
"WOODLANDS, Port Elizabeth",6070
"WOODLANDS, SimonsTown",7995
"WOODLEIGH, East London",5241
WOODMEAD,2191
"WOODMEAD EAST, Sunninghill",2157
"WOODMEAD Ext/Uit 12,",2148
"WOODMEAD, Johannesburg",2128
"WOODMEAD-OOS, Sunninghill",2157
"WOODMERE, Primrose",1401
"WOODRIDGE, Mitchells Plain",7785
"WOODSIDE, Durban",4001
WOODSTOCK,7925
WOODSTOCK Boxes,7915
"WOODSTOCK, Cape Town",7925
"WOODVIEW, Durban",4051
"WOOLHOPE, Port Elizabeth",6020
WORCESTER,6850
"WORCESTER, Limpopo  (Mon,Wed,Fri Only)",0891
"WORLDS VIEW, Pietermaritzburg",3201
WRENCHVILLE Boxes,8468
"WRENCHVILLE, Kuruman",8460
"WRIGHT PARK, Springs",1559
WUPPERTAL,8138
"WYCHWOOD, Primrose",1401
WYDGELE#,7282
"WYEBANK, Pinetown",3610
"WYNBERG Cape Town, Boxes",7824
"WYNBERG, Cape Town",7800
"WYNBERG, Johannesburg",2090
WYNDOVER,7775
XABA Boxes,6233
"XABA, Uitenhage/ Kariega",6230
"XANADU, Hartbeespoort",0279
XIGALO,0981
XIHOKO (Tues & Thurs Only),0872
XIKUNDU,0980
XIMHUNGWE (Tuesday & Thursday Only),1281
XIPAME,0452
YELLOWWOOD PARK,4011
"YELLOWWOOD PARK & Ext,",0300
"YELLOWWOOD PARK Ext 4,",0300
"YEMEN, REPUBLIC OF",Z007
YEOVILLE Boxes,2143
"YEOVILLE, Johannesburg",2198
"YORKSHIRE Est/Lgd, Lansdowne",7780
"YOUNG PARK, Port Elizabeth/ Gqeberha",6001
"YOUNG Tsp/Dgd, Port Elizabeth/ Gqeberha",6001
YOUNGSFIELD LIVING-QUARTE,7700
YOUNGSFIELD MILIT#RE KAMP,7780
YOUNGSFIELD MILITARY CAMP,7780
YOUNGSFIELD WOONKWARTIERE,7700
YSTERPLAAT AIR FORCE BASE,7405
YSTERPLAAT Boxes,7425
"YSTERPLAAT LUGMAGBASIS,",7405
"YSTERPLAAT, Maitland",7405
YZERFONTEIN,7351
ZAKARIYYA PARK,1821
ZAMBIA - Lusaka,Z003
ZAMBIA - Other Areas,Z300
"ZAMDELA, Sasolburg",1949
"ZANDBERG, Somerset West",7130
"ZANDFONTEIN, Hartbeespoort",0216
"ZANDFONTEIN, Pretoria",0082
ZANDSPRUIT,2170
"ZANDVOORDT, Bloemfontein",9338
ZANZIBAR,Z008
ZANZIBAR - Other Areas,Z008
ZASTRON,9950
ZEBEDIELA,0627
"ZEEKOEIFONTEIN, Mamaila",0925
"ZEEKOEIVLEI, Grassy Park",7785
ZEERUST,2865
"ZERILDA PARK, Retreat",7785
ZILKAATSNEK,0261
ZIMBABWE - Bulawayo,Z003
ZIMBABWE - Harare,Z003
ZIMBABWE - Mutare,Z003
ZIMBABWE - Other Areas,Z300
ZIMBALI,4418
ZINKWAZI,4480
"ZINKWAZI, Darnall",4480
ZINNIAVILLE Boxes,0302
"ZINNIAVILLE, Rustenburg",0300
"ZIZAMELE, Butterworth",4960
"ZOAR ( Monday, Wednesday & Friday only)",6886
"ZOLA & Ext/Uit, kwaXuma",1868
"ZOLA NORTH, kwaXuma",1868
"ZOLA-NOORD, kwaXuma",1868
"ZOLANI, Ashton",6715
"ZONDI, kwaXuma",1868
ZONE 1,INT
ZONE 2,INT
ZONE 3,INT
ZONE 4,INT
ZONE 5,INT
ZONE 6,INT
ZONE 8,INT
"ZONNEBLOEM, Woodstock",7925
"ZONNEBLOM Ext/Uit 3,",2196
"ZONNEDAL, Kraaifontein",7570
"ZONNEHOEW, Roodepoort",1724
"ZOO PARK, Kraaifontein",7570
"ZORGVLIET, Ysterplaat",7405
ZUIPING,2622
ZULULAND,4240
ZUNCKELS,3341
ZUNEY,6187
ZUURBEKOM,1779
"ZUURFONTEIN AgHs/Lhw,",1619
ZUURFONTEIN Boxes,1912
"ZUURFONTEIN, Vanderbijlpark",1911
"ZWAANSWYK Est/Lgd, Retreat",7785
"ZWAANSWYK, Retreat",7785
ZWARTBERG,0622
"ZWARTKOP, Centurion",0157
"ZWAVELPOORT, Pretoria",0181
ZWELETEMBA,6852
ZWELITSHA,5608
"ZWELITSHA, Nyanga",7755
ZWIDE,6001
